PMCID,tokenized_METHODS,keywords
PMC5048557, ,
PMC6085973, ,
PMC8545057, ,
PMC9541385, ,
PMC3324388, ,
PMC8668444, ,
PMC5458732, ,
PMC6407206, ,
PMC6619283, ,
PMC5967709, ,
PMC8373968, ,
PMC3764179, ,
PMC7156829, ,
PMC8600417, ,
PMC6348974, ,
PMC6301657, ,
PMC8795862, ,
PMC5809060, ,
PMC5547468, ,
PMC8563870, ,
PMC4101571, ,
PMC5682835, ,
PMC9239439, ,
PMC9185552, ,
PMC6333975, ,
PMC8113183,"The creatinine clearance was divided by a value of 120 or 130 for female and male patients, respectively, to determine a scalar of renal function, which was then applied directly to the renal plasma clearance input.",
PMC7791570, ,
PMC3485809, ,
PMC5122816, ,
PMC5909006, ,
PMC5485031, ,
PMC9520405, ,
PMC7663057, ,
PMC6625133, ,
PMC5564805, ,
PMC3445078, ,
PMC6604306, ,
PMC4063163, ,
PMC6726658, ,
PMC6925830, ,
PMC7744539, ,
PMC5701017, ,
PMC3783191, ,
PMC3750938, ,
PMC3411630, ,
PMC270000, ,
PMC4132449, ,
PMC6276673,"The seven studies with a sample size smaller than 300 had similar odds [95% CI] of 1.41 [1.02, 1.95], including 949 women.",
PMC5829531, ,
PMC9313191, ,
PMC9293371, ,
PMC5007821, ,
PMC4542776, ,
PMC6934474, ,
PMC3524085, ,
PMC6190337, ,
PMC5773236, ,
PMC4988691, ,
PMC5382542, ,
PMC8785310, ,
PMC3746205, ,
PMC7048799, ,
PMC8492740, ,
PMC6851610, ,
PMC5762439, ,
PMC7278925, ,
PMC2883962, ,
PMC6408655, ,
PMC6294098, ,
PMC4208853, ,
PMC2878316, ,
PMC8158999, ,
PMC6187700, ,
PMC2638778, ,
PMC2276199, ,
PMC5767169, ,
PMC5945042, ,
PMC6541299, ,
PMC5110451, ,
PMC9508157, ,
PMC6875656, ,
PMC6534526, ,
PMC8800166, ,
PMC4371668, ,
PMC7673139, ,
PMC8705633, ,
PMC6745171, ,
PMC5641599, ,
PMC2694268, ,
PMC7010735, ,
PMC9284491, ,
PMC6769414, ,
PMC6126529, ,
PMC4655297, ,
PMC6136501, ,
PMC8243592, ,
PMC5668490, ,
PMC7125130, ,
PMC4498771, ,
PMC8055911, ,
PMC4550348, ,
PMC6831253, ,
PMC7953514,"A total of 93% of the sample identified as female, and 7% identified as male; 66% of respondents were currently supervising students, and 34% of the sample had supervised students in the past.",
PMC8806781, ,
PMC8300299, ,
PMC2837024, ,
PMC6945698, ,
PMC5589430, ,
PMC9264072, ,
PMC6802970, ,
PMC8280008, ,
PMC8703824, ,
PMC6898984, ,
PMC7546001, ,
PMC7843194, ,
PMC8568857, ,
PMC3793949, ,
PMC8812908, ,
PMC6042441, ,
PMC8304625, ,
PMC4927169, ,
PMC5122186, ,
PMC3874579, ,
PMC9277884, ,
PMC4898922, ,
PMC3100304, ,
PMC5050183, ,
PMC9606305, ,
PMC4405220, ,
PMC5099697, ,
PMC7044743, ,
PMC9578325, ,
PMC6278398, ,
PMC7027289, ,
PMC4859476, ,
PMC6084439, ,
PMC4150765, ,
PMC8042241, ,
PMC6618044, ,
PMC3000234, ,
PMC8647483, ,
PMC3894773, ,
PMC6203855, ,
PMC8321104, ,
PMC5642890, ,
PMC8761547, ,
PMC8089119, ,
PMC6534331, ,
PMC8437685, ,
PMC8758208, ,
PMC5568834, ,
PMC5629629, ,
PMC8652867, ,
PMC8606629, ,
PMC7247123, ,
PMC4239908, ,
PMC6523403, ,
PMC2785752, ,
PMC3157005, ,
PMC7026195, ,
PMC3488763, ,
PMC8660616, ,
PMC5685062, ,
PMC7989055, ,
PMC4919863, ,
PMC9200750, ,
PMC6492154, ,
PMC4570790, ,
PMC4870464, ,
PMC8014996, ,
PMC4114300, ,
PMC3554775, ,
PMC9514787, ,
PMC5055358, ,
PMC9033806, ,
PMC8894848, ,
PMC8061444, ,
PMC4794118, ,
PMC4780774, ,
PMC8033027, ,
PMC4325616, ,
PMC5101919, ,
PMC9220982, ,
PMC8972196, ,
PMC4649536, ,
PMC9330527, ,
PMC6749522, ,
PMC5338959, ,
PMC4800888, ,
PMC8561753, ,
PMC8587143, ,
PMC7402020, ,
PMC8582029, ,
PMC5813933, ,
PMC8935935, ,
PMC7231759, ,
PMC9289778, ,
PMC5690266, ,
PMC8818759, ,
PMC6333348, ,
PMC6552370,"Stimulus materialsUsing a Google Images search, we developed a collection of 25 female body stimulus photos for this study, varying in muscularity, fitness, weight, leanness, and covering a wide range of female physiques (Figure 2).",
PMC5427117, ,
PMC5501660, ,
PMC8233905, ,
PMC3895891, ,
PMC6816204, ,
PMC8287044, ,
PMC8190736, ,
PMC4211845, ,
PMC5504934,"The majority was females, 26 (81.25%), and there were 6 males (18.75%).",
PMC8532380, ,
PMC7596038, ,
PMC4237726, ,
PMC4440747, ,
PMC8070255, ,
PMC6294790, ,
PMC8665614, ,
PMC8327841, ,
PMC8855046, ,
PMC9099901, ,
PMC6023893, ,
PMC5670331, ,
PMC3549368, ,
PMC4699761, ,
PMC8814011, ,
PMC7489036, ,
PMC8910495, ,
PMC3476926, ,
PMC4077678, ,
PMC1552074,"The 25 samples were from 12 patients infected with Beijing strains (8 males, 66.7%; mean age, 52, SD, 14) and 13 patients infected with non-Beijing strains (5 males, 38.5%; mean age, 48, SD, 21).",
PMC5663916, ,
PMC8586688, ,
PMC7183674, ,
PMC6368604, ,
PMC6701125, ,
PMC5047315, ,
PMC8359547, ,
PMC4064322, ,
PMC9413249, ,
PMC5431815, ,
PMC5482966, ,
PMC5684276, ,
PMC5397033, ,
PMC6176997, ,
PMC4163831, ,
PMC9083238, ,
PMC8521821, ,
PMC2172377, ,
PMC8467079, ,
PMC9026008, ,
PMC3946628, ,
PMC8783492, ,
PMC4805858, ,
PMC3478206, ,
PMC6947835, ,
PMC4212254, ,
PMC3578857, ,
PMC7270936, ,
PMC6721655, ,
PMC7931913, ,
PMC3765764, ,
PMC3500280, ,
PMC6554521, ,
PMC3206192, ,
PMC7403387, ,
PMC3683049, ,
PMC2873586, ,
PMC9418666, ,
PMC7376300, ,
PMC3502277, ,
PMC6950027, ,
PMC9020726, ,
PMC8919637, ,
PMC8891831, ,
PMC4844638, ,
PMC6401102, ,
PMC4966579, ,
PMC3435960, ,
PMC4688994, ,
PMC5839558, ,
PMC6295644, ,
PMC7734065, ,
PMC7189244, ,
PMC8116896, ,
PMC4874470, ,
PMC6708512, ,
PMC1761432, ,
PMC3301246, ,
PMC6445476, ,
PMC1929092, ,
PMC9241847, ,
PMC6449456, ,
PMC8601845, ,
PMC6606589, ,
PMC8851945, ,
PMC6856226, ,
PMC6761139, ,
PMC6194027, ,
PMC5216758, ,
PMC9110510, ,
PMC7110605, ,
PMC5390595, ,
PMC7378949, ,
PMC7376839, ,
PMC122093, ,
PMC8994074, ,
PMC6450663, ,
PMC6818495, ,
PMC4808036, ,
PMC8508765, ,
PMC7553285, ,
PMC7498737, ,
PMC9322832, ,
PMC9570184, ,
PMC9216490, ,
PMC8232673, ,
PMC9262527, ,
PMC4338284, ,
PMC3637671, ,
PMC5529667, ,
PMC5417320, ,
PMC6054601, ,
PMC5838891, ,
PMC6105621, ,
PMC6407598, ,
PMC4462162, ,
PMC3019570, ,
PMC7299292, ,
PMC8062506, ,
PMC5924558, ,
PMC5833826, ,
PMC6068198, ,
PMC2254429, ,
PMC5797045, ,
PMC3016230, ,
PMC7313018, ,
PMC5048210, ,
PMC8325142, ,
PMC9254461, ,
PMC5824443, ,
PMC8345755, ,
PMC4609819, ,
PMC8806187, ,
PMC9320535, ,
PMC2704190, ,
PMC3489679, ,
PMC5116626, ,
PMC5017573, ,
PMC2839296, ,
PMC8621878, ,
PMC5244275, ,
PMC6109310, ,
PMC4468597, ,
PMC8005782, ,
PMC2933711,"Ten mice, 5 female and 5 male, received injections of the experimental cell suspension that produced encoded BMP protein.",
PMC2933711,"Ten mice, 5 female and 5 male, received an injection of the control culture that did not encode BMP protein.",
PMC2927911, ,
PMC3906015, ,
PMC8281877, ,
PMC9184655, ,
PMC6039785, ,
PMC8252184, ,
PMC4954712, ,
PMC1933253, ,
PMC3653126, ,
PMC7712254, ,
PMC8114789, ,
PMC3036719, ,
PMC8056691, ,
PMC5707919, ,
PMC2873424, ,
PMC6460547, ,
PMC5240432, ,
PMC4123840, ,
PMC6953121, ,
PMC5394928, ,
PMC5014786, ,
PMC7648170, ,
PMC9607014, ,
PMC3997226, ,
PMC2475630, ,
PMC4217739, ,
PMC5712816, ,
PMC7529776, ,
PMC5652813, ,
PMC8432719, ,
PMC9583226, ,
PMC8104423, ,
PMC7556057, ,
PMC8404352, ,
PMC6480826, ,
PMC6043698, ,
PMC5094198, ,
PMC9130799, ,
PMC5748676, ,
PMC7844960, ,
PMC4487562, ,
PMC9180227, ,
PMC6311928, ,
PMC8508788, ,
PMC7703917, ,
PMC4202162, ,
PMC5548513, ,
PMC4922416, ,
PMC4562555, ,
PMC7003175, ,
PMC3785979, ,
PMC5029714, ,
PMC9227116, ,
PMC5112649, ,
PMC6412090, ,
PMC6704577, ,
PMC5935738, ,
PMC6090475, ,
PMC8244387, ,
PMC8411703, ,
PMC8120211, ,
PMC8801511, ,
PMC6873778, ,
PMC4744057, ,
PMC6857922, ,
PMC524496, ,
PMC3544310, ,
PMC8274672, ,
PMC6848269, ,
PMC6300727, ,
PMC5173450, ,
PMC3828238,"All stimuli corresponded to the correct motion coordinates of a 1.87 m high, 17 year-old male, walking at a velocity of 1.1 m/s.",
PMC8444745, ,
PMC9046577, ,
PMC6238727, ,
PMC5617841, ,
PMC8876231, ,
PMC3003528, ,
PMC5225490, ,
PMC6416685, ,
PMC8422128, ,
PMC4657761, ,
PMC6650594, ,
PMC5687906, ,
PMC2983025, ,
PMC8128866, ,
PMC4937064, ,
PMC3964225, ,
PMC5396921, ,
PMC9585685, ,
PMC7563946, ,
PMC3832888, ,
PMC6620237,"Materials and methodsThe study material comprised 47 human fetuses (25 males and 22 females) at the age of 17–30 weeks of gestation, originating from either spontaneous miscarriages or preterm deliveries.",
PMC2770531, ,
PMC4747165, ,
PMC6942772, ,
PMC6156718, ,
PMC3930420, ,
PMC7693561, ,
PMC6155305, ,
PMC6288962, ,
PMC5102409, ,
PMC6929967, ,
PMC6861351, ,
PMC4379554, ,
PMC7740018, ,
PMC4125709, ,
PMC7773259, ,
PMC7798137, ,
PMC7341727, ,
PMC8775027, ,
PMC5520064, ,
PMC4258681, ,
PMC5376193, ,
PMC7537656, ,
PMC6128888, ,
PMC8590718, ,
PMC2681122, ,
PMC4118993, ,
PMC6346465, ,
PMC6473641, ,
PMC7967222, ,
PMC9457990, ,
PMC5149580, ,
PMC7393241, ,
PMC8630591, ,
PMC2570406, ,
PMC6376995, ,
PMC4436365, ,
PMC8383299, ,
PMC5540291, ,
PMC8507421, ,
PMC8876449, ,
PMC5716698, ,
PMC5471426,"Thirteen men and 2 women had hepatic steatosis, defined from the CT component of PET/CT as CT density of ≤40 HU (Boyce et al.2010).",
PMC5471426,PET/CT imaging revealed no FDG‐avid pathology (“metabolically active” disease) in 15 men and six women.,
PMC3463879, ,
PMC8669824, ,
PMC5368867, ,
PMC9502687, ,
PMC6749859, ,
PMC8045170, ,
PMC3928996, ,
PMC6891720, ,
PMC7703392, ,
PMC7029516, ,
PMC4816087, ,
PMC9009133, ,
PMC3637239, ,
PMC9052192, ,
PMC6438140, ,
PMC5511365, ,
PMC6548003, ,
PMC3130726, ,
PMC9306696, ,
PMC4576429, ,
PMC4988694, ,
PMC7952964, ,
PMC7295724, ,
PMC6914681, ,
PMC8357756, ,
PMC7768795, ,
PMC8665409, ,
PMC7668605,"We excluded all RAND-REG trials where the participant responded incorrectly, and interpreted RAND and CONT trials as foils for the change-detection task.ParticipantsWe collected data from 25 paid participants (20 females; mean age 24.17,SDage = 3.17).",
PMC9327173, ,
PMC7836042, ,
PMC4195888, ,
PMC7885392, ,
PMC3871612, ,
PMC7472017, ,
PMC7329135, ,
PMC3633172, ,
PMC7596641, ,
PMC2656928, ,
PMC4290140, ,
PMC8061128, ,
PMC5783618, ,
PMC5732162, ,
PMC7072760, ,
PMC4139616, ,
PMC4549629, ,
PMC9426339, ,
PMC2636009, ,
PMC7940645, ,
PMC3693581, ,
PMC7914029, ,
PMC4865144, ,
PMC7840580, ,
PMC9546492, ,
PMC5139947, ,
PMC5217275, ,
PMC6854537, ,
PMC4821480, ,
PMC7329287, ,
PMC4868747, ,
PMC7542732, ,
PMC3160394, ,
PMC5567050, ,
PMC7838627, ,
PMC8239487, ,
PMC9436790, ,
PMC4814826, ,
PMC8014607, ,
PMC9299130, ,
PMC4830192, ,
PMC5203735, ,
PMC3208809, ,
PMC5946903, ,
PMC6943239, ,
PMC5985330, ,
PMC6208843, ,
PMC7364534, ,
PMC7554940, ,
PMC3967717, ,
PMC6104260, ,
PMC6256406, ,
PMC8426017, ,
PMC6847574, ,
PMC6875161, ,
PMC9407933, ,
PMC9609851, ,
PMC7862768, ,
PMC6180541, ,
PMC1160181, ,
PMC5283675, ,
PMC3106975, ,
PMC8382835, ,
PMC9392558, ,
PMC3589342, ,
PMC9324128, ,
PMC5507023, ,
PMC7748156, ,
PMC3657422,"After a pilot test with 50 questionnaires, the final questionnaire was sent out in April 2011 to 1370 women who underwent an invasive procedure in the period from March 2008 till December 2010 to collect as many respondents as possible.",
PMC9471993, ,
PMC2196346, ,
PMC6287485, ,
PMC8164677, ,
PMC3317181, ,
PMC3117980, ,
PMC8074053, ,
PMC8198462, ,
PMC8461442, ,
PMC7707803, ,
PMC8393529, ,
PMC5241446, ,
PMC4441283, ,
PMC4144133, ,
PMC8350890, ,
PMC7158694, ,
PMC4511828, ,
PMC9384595, ,
PMC6979366, ,
PMC6121907, ,
PMC4467085, ,
PMC6744699, ,
PMC7254953, ,
PMC3198881, ,
PMC7582773,"ParticipantsThirteen participants (N = 13, 2 females) participated in this study, aged between 24 and 43 years (M = 31.53, SD = 6.35).",
PMC7735857, ,
PMC9326664, ,
PMC7014025, ,
PMC6305627, ,
PMC4361612, ,
PMC6933397, ,
PMC7826317, ,
PMC3788804, ,
PMC9208926, ,
PMC6485185, ,
PMC4349658, ,
PMC6922475, ,
PMC8154759, ,
PMC5471823, ,
PMC7746552, ,
PMC3035781, ,
PMC7281655, ,
PMC9410381, ,
PMC6116450, ,
PMC6363734, ,
PMC4487966, ,
PMC7121231, ,
PMC6160120, ,
PMC3567993, ,
PMC5055341, ,
PMC4656816, ,
PMC3319019, ,
PMC6888318, ,
PMC8205132, ,
PMC6299999, ,
PMC9273898, ,
PMC8758693, ,
PMC8818569, ,
PMC4965102, ,
PMC9138210, ,
PMC7418880, ,
PMC7862097, ,
PMC4309214, ,
PMC9139046, ,
PMC6436713, ,
PMC8166856, ,
PMC5395229, ,
PMC7935040, ,
PMC9334650, ,
PMC8567043, ,
PMC5428803, ,
PMC6590336,In total 27 KS children (13 males and 14 females) were included.,
PMC6590336,"Informed consent was obtained from the subjects' parents before the start of the study.Of the 27 subjects, 18 KS children (9 females and 9 males) were also included in a growth hormone study.",
PMC3906693, ,
PMC8389971, ,
PMC5207697, ,
PMC7729349, ,
PMC3566894, ,
PMC6701558, ,
PMC8048978, ,
PMC8733431, ,
PMC6027421, ,
PMC4364097, ,
PMC7501304, ,
PMC9297583, ,
PMC4256456, ,
PMC6820433, ,
PMC6994481,"Fifteen individuals (11 males and 4 females) were from the cemetery of the Church of St Jacobs, located in Renko in inland southern Finland.",
PMC6994481,"Twelve individuals (8 males and 4 females) were from the burial ground of the Porvoo Cathedral, located in the town of Porvoo on the southern coast of Finland.",
PMC6994481,"Fifteen individuals (5 males and 10 females) were from the church yard of the Holy Trinity Church in Rauma and were estimated to date mainly between the 18thand 19thcentury22,24.Our modern human samples consisted of two population-based Finnish birth cohorts (NFBC196625and NFBC198626).",
PMC3251580, ,
PMC8551429, ,
PMC7832848, ,
PMC6864375, ,
PMC4741673, ,
PMC3087517, ,
PMC8777325, ,
PMC4288245, ,
PMC8875113, ,
PMC4753880, ,
PMC8593627, ,
PMC7468976, ,
PMC6387244, ,
PMC4139958, ,
PMC8207250, ,
PMC6557825, ,
PMC2217496, ,
PMC5037759, ,
PMC9275721, ,
PMC4691491, ,
PMC6971254, ,
PMC5689202, ,
PMC6079359, ,
PMC9210867, ,
PMC5598323, ,
PMC5372965, ,
PMC6945244, ,
PMC6139899, ,
PMC7554592, ,
PMC8869316, ,
PMC6172047, ,
PMC2416448, ,
PMC5056969, ,
PMC6928405, ,
PMC7028345, ,
PMC7166046, ,
PMC7870001, ,
PMC4133153, ,
PMC5470656, ,
PMC4509724, ,
PMC4826509, ,
PMC5746592,"The 100 healthy male donors varied in ethnicity (black, white, Hispanic, and Asian) and ages (20–63 years).",
PMC5746592,The 24 samples from male donors with HA were of black and white ethnicities aged 21–68 years.,
PMC4439998, ,
PMC9387712, ,
PMC5667338, ,
PMC4650715, ,
PMC2714148, ,
PMC7289804, ,
PMC4546185, ,
PMC7679960, ,
PMC8761938, ,
PMC3251999, ,
PMC3519486, ,
PMC6726771, ,
PMC3666183, ,
PMC6996101, ,
PMC7559609, ,
PMC6597245, ,
PMC8210594, ,
PMC7084356, ,
PMC8517124, ,
PMC3176768, ,
PMC5458505, ,
PMC5410300, ,
PMC6722968, ,
PMC8882981, ,
PMC4118320, ,
PMC6470520, ,
PMC7729925, ,
PMC8339871, ,
PMC7893787, ,
PMC8745069, ,
PMC5784569, ,
PMC3422062, ,
PMC7050242, ,
PMC5719945,"The hybrid model originated from a tomographic dataset of a 36‐year‐old Korean male (176 cm height, 73 kg weight), but was subsequently modified using non‐uniform rational B‐spline (NURBS) surface modeling and methods previously described by Lee et al.",
PMC6684773, ,
PMC3520464, ,
PMC4856174, ,
PMC4289347, ,
PMC5207453, ,
PMC7384622, ,
PMC4658065, ,
PMC3561959, ,
PMC8608703, ,
PMC5449438, ,
PMC9141725, ,
PMC140019, ,
PMC8121095, ,
PMC3907919, ,
PMC3483149, ,
PMC7590032, ,
PMC8589380, ,
PMC8410604,"Flies were collected 24 h later in pools of 6 individuals (3 males and 3 females) or 10 individuals (5 males and 5 females) and homogenized for RNA extraction and quantitative PCR with reverse transcription (RT–qPCR) analysis, as described26.",
PMC8151576, ,
PMC8698704, ,
PMC2880381, ,
PMC8539185, ,
PMC8865214, ,
PMC4766722, ,
PMC9006301, ,
PMC8448070, ,
PMC3904967, ,
PMC8823493, ,
PMC8918524, ,
PMC6744430, ,
PMC8552349, ,
PMC2698905, ,
PMC8483946, ,
PMC1386683, ,
PMC6073565, ,
PMC6425345, ,
PMC7771873, ,
PMC7935440, ,
PMC7306481, ,
PMC3579783, ,
PMC4129211, ,
PMC6430059, ,
PMC6856864, ,
PMC6590372, ,
PMC8369020, ,
PMC3484153, ,
PMC9536257, ,
PMC9570351, ,
PMC4741970, ,
PMC6929111, ,
PMC7730461, ,
PMC6088223, ,
PMC8793670, ,
PMC4764902, ,
PMC3854081,Cri du Chat Group consisted of nineteen patients drawn from the ASIMAGA (7 male and 12 female).,
PMC8514438, ,
PMC8880450, ,
PMC9550466, ,
PMC6212899, ,
PMC7476090, ,
PMC4590377, ,
PMC8796190, ,
PMC5866773, ,
PMC4376883, ,
PMC6220053, ,
PMC5507292, ,
PMC7857936, ,
PMC8758482, ,
PMC7015931, ,
PMC8855066, ,
PMC5602952, ,
PMC4852666, ,
PMC7412528, ,
PMC4909722, ,
PMC3197091, ,
PMC5126390, ,
PMC5355643, ,
PMC7431585, ,
PMC8878724, ,
PMC5571287, ,
PMC8829120, ,
PMC7381732, ,
PMC6406814, ,
PMC4696104, ,
PMC9455059, ,
PMC5184794, ,
PMC8316744, ,
PMC9237114, ,
PMC8591507, ,
PMC5750888, ,
PMC7279887, ,
PMC2987832, ,
PMC7657675, ,
PMC8308582, ,
PMC5388031, ,
PMC9322640, ,
PMC4113305, ,
PMC2386535, ,
PMC5339086, ,
PMC6137321, ,
PMC5762567, ,
PMC8907717, ,
PMC8908683, ,
PMC8604003, ,
PMC7928313, ,
PMC7402871, ,
PMC7285474, ,
PMC3976006,"SUBJECTS AND METHODSThe subjects of this study were 40 normal persons (20 women, 20 men; mean age, 22.7 ±1.3 years) who agreed to participate in the experiment after an explanation of its contents,its risks, and its benefits.",
PMC6095082, ,
PMC7746056, ,
PMC3229775, ,
PMC9130042, ,
PMC7927225, ,
PMC9563033, ,
PMC9300512, ,
PMC6205532, ,
PMC4794792, ,
PMC4508096, ,
PMC8953914, ,
PMC6894022, ,
PMC5382949, ,
PMC5469794, ,
PMC6912458, ,
PMC8254299, ,
PMC5067115, ,
PMC5115899, ,
PMC7437867, ,
PMC4016945, ,
PMC7824079, ,
PMC6023880, ,
PMC4605775, ,
PMC4394050, ,
PMC3897642, ,
PMC5478122, ,
PMC8235131, ,
PMC7250502,"Nonrecombining Y-chromosome analysis showed a significant proportion of the “O” haplogroup in 55 male Koreans, 29% “O2b” and 42% “O3” (fig.",
PMC7250502,"(A) Y-chromosome haplotypes from 55 male Koreans, (B) mtDNA haplotypes in 88 Koreans, and (C) a phylogenetic tree of mtDNA haplotypes constructed using the neighbor-joining method with bootstrap=1,000.",
PMC6639425, ,
PMC3219797, ,
PMC8080024, ,
PMC8898515, ,
PMC6351547, ,
PMC5972193, ,
PMC4326440, ,
PMC6639885, ,
PMC3468584, ,
PMC7077038, ,
PMC6584019, ,
PMC7254293, ,
PMC4884679, ,
PMC2957932, ,
PMC6086407, ,
PMC5638173, ,
PMC6033739, ,
PMC6323628, ,
PMC8901014, ,
PMC6262663, ,
PMC3796409, ,
PMC9377668, ,
PMC4521484, ,
PMC6275223, ,
PMC3262753, ,
PMC6716889, ,
PMC9405872, ,
PMC8373340, ,
PMC7383627, ,
PMC8780270, ,
PMC3182195, ,
PMC7738853, ,
PMC5584019, ,
PMC8069538, ,
PMC7452203, ,
PMC8776795, ,
PMC7468608, ,
PMC6467904, ,
PMC9598355, ,
PMC6731255, ,
PMC6548839, ,
PMC8437653, ,
PMC7400153, ,
PMC7969039, ,
PMC6291623, ,
PMC3175000, ,
PMC9212881, ,
PMC4837583, ,
PMC6761849, ,
PMC4322196, ,
PMC8818184, ,
PMC6366034, ,
PMC3692408, ,
PMC7094466, ,
PMC9022939, ,
PMC7933702,2.6Sample size/power analysisOur sample size calculation utilized the changes in failure load (μFEA-derived) at the tibia in 15 men in our unpublished preliminary data (Table 2) with both low T and T2D randomized to either T or placebo.,
PMC3226690, ,
PMC9352882, ,
PMC4020490, ,
PMC8396574, ,
PMC4863894, ,
PMC9245820, ,
PMC9504087, ,
PMC7695642, ,
PMC3720544, ,
PMC7885452, ,
PMC5094201, ,
PMC7439684, ,
PMC4236687, ,
PMC8385010, ,
PMC4468189, ,
PMC3895702, ,
PMC3923787, ,
PMC4060243, ,
PMC3902149, ,
PMC7896570, ,
PMC7560717, ,
PMC4717395, ,
PMC6421386, ,
PMC3337290, ,
PMC8955680, ,
PMC5567155, ,
PMC3843660,"Second, it simplified the identification of syllable onsets and thus facilitated accurate measurements of temporal structure (see below).40 participants (aged 18–45,mean  = 24years; 20 male) were recruited using job advertisement websites in Vienna, Austria.",
PMC3286364, ,
PMC394318, ,
PMC5476559, ,
PMC1481577, ,
PMC7201129, ,
PMC6212863, ,
PMC3812787, ,
PMC7991572, ,
PMC5551380, ,
PMC9181368, ,
PMC4339833, ,
PMC5165240, ,
PMC5181781, ,
PMC6048749, ,
PMC6883546, ,
PMC4695687,Materials and methodsThis cross sectional study was performed on 158 women undergoing the controlled short program ovarian stimulation for IVF treatment in Reproductive Center of Renmin Hospital of Wuhan University from April 2005 to March 2008.,
PMC9561087, ,
PMC2808341,"One subject was eliminated from all analyses due to technical errors, bringing the total to 19 subjects (13 females; 18–58 range, mean 28.1).",
PMC8501981, ,
PMC2441622, ,
PMC7486388, ,
PMC8138366, ,
PMC7546782, ,
PMC6091030, ,
PMC6086872, ,
PMC6689650, ,
PMC7908306, ,
PMC9321017, ,
PMC5413061, ,
PMC3135532, ,
PMC9027646, ,
PMC7248294, ,
PMC4248005, ,
PMC3597322,The subjects had a median age of 62 years; 81 (64.8%) were male and 44 (35.2%) were female.,
PMC4348413, ,
PMC5228039, ,
PMC9254291, ,
PMC3655257, ,
PMC9618827, ,
PMC9294031, ,
PMC5140017, ,
PMC6048280, ,
PMC6211697, ,
PMC8032863, ,
PMC6934384, ,
PMC6427849, ,
PMC4032497, ,
PMC5843204, ,
PMC2964614, ,
PMC5039793, ,
PMC9427940, ,
PMC3733922, ,
PMC8219899, ,
PMC3668469, ,
PMC3189884, ,
PMC8235078, ,
PMC9554196, ,
PMC2944896, ,
PMC4957175, ,
PMC7526736, ,
PMC8095712, ,
PMC8054464, ,
PMC3481483, ,
PMC8830974, ,
PMC5645605, ,
PMC5968175, ,
PMC6469025, ,
PMC7716333, ,
PMC6254502,Sixty-two elderly (31 vs 31) women were necessary to identify a difference on aLM adjusted for BMI.,
PMC6762064, ,
PMC7382444, ,
PMC9249704, ,
PMC4197335, ,
PMC7896046, ,
PMC6600120, ,
PMC5338957, ,
PMC7789417, ,
PMC419979, ,
PMC8935468, ,
PMC5303578, ,
PMC9014794, ,
PMC7805460, ,
PMC5675282, ,
PMC9462926, ,
PMC7997926, ,
PMC7370739, ,
PMC8361108, ,
PMC9438513, ,
PMC3660578, ,
PMC7063092, ,
PMC7049698, ,
PMC8006450, ,
PMC8238565, ,
PMC4193265, ,
PMC9310949, ,
PMC8287341, ,
PMC7924049, ,
PMC4823702, ,
PMC3022025, ,
PMC5454626, ,
PMC9007664, ,
PMC9551299, ,
PMC8112693, ,
PMC9266964, ,
PMC4212079, ,
PMC6468361, ,
PMC8303122,"Baseline Demographic, Clinical, and Biochemical Characteristics of the Study Subjects According to CVD Risk GroupsOf 28,897 patients, 5521 were excluded, meaning 23,376 patients (13,583 males and 9793 females; mean age, 50.19 years) were included in the analysis.",
PMC8973618, ,
PMC9579765, ,
PMC8880232, ,
PMC8648697, ,
PMC5528891, ,
PMC5886094, ,
PMC2988199, ,
PMC9017446, ,
PMC3737473, ,
PMC6771531, ,
PMC5567178, ,
PMC5479876, ,
PMC3444215, ,
PMC3420874, ,
PMC6959041, ,
PMC8444508, ,
PMC5854387, ,
PMC6284042, ,
PMC7983948, ,
PMC3048384, ,
PMC7753666, ,
PMC8077077, ,
PMC3559649, ,
PMC6651321, ,
PMC4321886, ,
PMC5457888, ,
PMC7345158, ,
PMC7694631, ,
PMC2711968, ,
PMC4232704, ,
PMC6288730, ,
PMC5087960, ,
PMC7875421, ,
PMC5450201, ,
PMC9380825, ,
PMC7867457, ,
PMC8125299, ,
PMC7441067, ,
PMC8110425, ,
PMC7340874, ,
PMC2528153, ,
PMC3789030, ,
PMC8533217, ,
PMC8641028, ,
PMC8382844, ,
PMC9227689, ,
PMC4256301, ,
PMC6754922, ,
PMC7820528, ,
PMC1974794, ,
PMC6321531, ,
PMC4251069, ,
PMC2832686, ,
PMC4706562, ,
PMC3231899, ,
PMC9280436, ,
PMC5383463, ,
PMC6152480, ,
PMC3374827, ,
PMC4937314, ,
PMC4644171, ,
PMC9223584, ,
PMC4096762, ,
PMC3852738, ,
PMC4845039, ,
PMC4697303, ,
PMC5700719, ,
PMC4960602, ,
PMC8586209, ,
PMC4800358,"AJIRB-BMR-SUR-13-272).For this analysis, we excluded one man in whom visceral fat mass was not measured using DXA from the 1604 participants, leaving 1603 subjects (611 males, 992 females) in the study.",
PMC6765113, ,
PMC8503514, ,
PMC5699855, ,
PMC7299157, ,
PMC5265756, ,
PMC7085949, ,
PMC5734195, ,
PMC3074545, ,
PMC3896871, ,
PMC3547070, ,
PMC9307866, ,
PMC5403834, ,
PMC8951728, ,
PMC2764345, ,
PMC8214290, ,
PMC3347562, ,
PMC5285316, ,
PMC8279465, ,
PMC5883289, ,
PMC7661036,"Collection and analysis of the mismatch negativity (MMN) componentHealthy adult participants were included in the sample (N = 33, 16 females; 17 males; mean age 29.5 ± 4.8; all right-handed).",
PMC5896057, ,
PMC2664779, ,
PMC4072572, ,
PMC8896421, ,
PMC4354313, ,
PMC6584137, ,
PMC8085723, ,
PMC8794179, ,
PMC8234304, ,
PMC6857622, ,
PMC4882356, ,
PMC6379331, ,
PMC7874119, ,
PMC8968737, ,
PMC5012300, ,
PMC3022544, ,
PMC1626092, ,
PMC8084339, ,
PMC9343398, ,
PMC8352663, ,
PMC1082716, ,
PMC3414838, ,
PMC8488650, ,
PMC3909506, ,
PMC2775352, ,
PMC3877363, ,
PMC7003621, ,
PMC4153287, ,
PMC9428470, ,
PMC7413701, ,
PMC3922109, ,
PMC6614397, ,
PMC7113637, ,
PMC8173898, ,
PMC4948962, ,
PMC7998412, ,
PMC4137733, ,
PMC7184770, ,
PMC7332154, ,
PMC7595696, ,
PMC2910701, ,
PMC9033068, ,
PMC8287768, ,
PMC6781759, ,
PMC4132067, ,
PMC7833161, ,
PMC3634732, ,
PMC6073505, ,
PMC8826764, ,
PMC4243592, ,
PMC3795723, ,
PMC8972835, ,
PMC8350309, ,
PMC7973545, ,
PMC8093279, ,
PMC9577918, ,
PMC4244235, ,
PMC4386913,Patients had a mean age of 28 years; 83% were female; mean SCORAD score was 11.,
PMC3216656, ,
PMC9200578, ,
PMC1785384, ,
PMC4964013, ,
PMC7425345, ,
PMC6449885, ,
PMC5474285, ,
PMC5849332, ,
PMC8349230, ,
PMC3215926, ,
PMC6442094, ,
PMC4934884, ,
PMC5149649, ,
PMC9181312, ,
PMC9022792, ,
PMC7682209, ,
PMC3636055, ,
PMC6245785, ,
PMC4633225, ,
PMC5430773, ,
PMC4360164, ,
PMC2765235, ,
PMC4249981, ,
PMC8390552, ,
PMC4670496, ,
PMC3110496, ,
PMC7903654, ,
PMC7781295, ,
PMC5966920, ,
PMC6681304, ,
PMC4167135, ,
PMC7672850, ,
PMC8612390, ,
PMC8158736, ,
PMC6599167, ,
PMC2693578, ,
PMC8686837, ,
PMC7952316, ,
PMC7550889, ,
PMC2965020, ,
PMC6713503, ,
PMC6069164, ,
PMC5798336, ,
PMC9517104, ,
PMC9299479, ,
PMC4528232, ,
PMC8169367, ,
PMC8276023, ,
PMC7053998, ,
PMC8248492, ,
PMC6481455, ,
PMC6620164, ,
PMC3234965, ,
PMC6567375, ,
PMC2100039, ,
PMC7103821, ,
PMC3766699, ,
PMC8081345,"Subjects participated in the study after giving written informed consent.Data acquisitionIn total, 130 healthy humans (Age: 24.0 ± 5.0 years, mean ± SD, 66 females) participated in the EEG experiment.",
PMC7445487, ,
PMC5714163, ,
PMC4462882, ,
PMC5415965, ,
PMC8137468, ,
PMC7781360, ,
PMC4941035, ,
PMC2853085, ,
PMC3625162, ,
PMC9381291, ,
PMC8558497, ,
PMC6522464, ,
PMC5322611, ,
PMC9569475, ,
PMC9234904, ,
PMC1976104, ,
PMC8581567, ,
PMC7835555, ,
PMC1947994, ,
PMC8716832, ,
PMC8957111, ,
PMC8304014, ,
PMC5723705, ,
PMC6856113, ,
PMC4022746, ,
PMC9442929, ,
PMC6593580, ,
PMC7125157,"Thirty-two individuals participated in the fMRI experiment: 17 females, mean age = 22.4 years (SD = 3.0; range: 18–30).",
PMC9100526, ,
PMC6960140, ,
PMC9261269, ,
PMC8470329, ,
PMC5842544, ,
PMC111027, ,
PMC3965531, ,
PMC4769495, ,
PMC6106834, ,
PMC5435711, ,
PMC5813625, ,
PMC7691518, ,
PMC9250666, ,
PMC2978137, ,
PMC8282628, ,
PMC9023137, ,
PMC6179017,"The patients consisted of 23 men and 13 women, and their average age was 80.7 years (range: 48-101 years).",
PMC6992591, ,
PMC5867411, ,
PMC9543056, ,
PMC2981023, ,
PMC6603326, ,
PMC7645586, ,
PMC5161478, ,
PMC7318201, ,
PMC6769586, ,
PMC7586994, ,
PMC5455001, ,
PMC6050506, ,
PMC7970125,"2MethodsWe used data of 6619 women with EBC from CANTO, with available follow-up until year-4 post-diagnosis (Fig.",
PMC2712690, ,
PMC8446872, ,
PMC9303341, ,
PMC6642227, ,
PMC8022651, ,
PMC7344656, ,
PMC4954606, ,
PMC8835610, ,
PMC3159972, ,
PMC2824729, ,
PMC3816042, ,
PMC4272509, ,
PMC5796905, ,
PMC8062679, ,
PMC2743790,"Subjects (7 females and 12 males) were 17 to 62 years of age, and had a postmortem interval (PMI) of 4-24 hours.",
PMC7544086, ,
PMC9338369, ,
PMC4662729, ,
PMC7059810, ,
PMC8813932, ,
PMC8420582, ,
PMC3777999, ,
PMC8527274, ,
PMC6749373, ,
PMC8539801, ,
PMC4732421, ,
PMC3549402, ,
PMC5678093, ,
PMC9448659, ,
PMC9537137, ,
PMC2649034, ,
PMC7820081, ,
PMC8435828, ,
PMC6892975, ,
PMC3772848, ,
PMC8811988, ,
PMC4190931, ,
PMC156889, ,
PMC6459349, ,
PMC9087584, ,
PMC6988378, ,
PMC4895045, ,
PMC4735237, ,
PMC7084468, ,
PMC4438138, ,
PMC3245920, ,
PMC4175266,SUBJECTS AND METHODSA 32 year-old female who complained of pain in the posterior areas of the left iliac crestand sacroiliac joints over a period of 6 months was the subject of this study.,
PMC7285524, ,
PMC7642851, ,
PMC2646076, ,
PMC9123036, ,
PMC8759779, ,
PMC7062836,"MethodsParticipantsA total of 58 term-born (≥37 weeks’ gestation), healthy neonates (40.2–44.9 weeks post-menstrual age (PMA) at scan,M= 42.4,SD= 1.2, 26 female) were scanned as control subjects as part of preterm birth studies28,29.",
PMC7062836,"Thelabelledset comprised the ten subjects (40.3–43.0 weeks’ PMA at scan,M= 41.7,SD= 1.3, 4 female) of the M-CRIB atlas that had been previously selected from this cohort on the basis of minimal motion or other artifact on theT2-weighted images16,17.",
PMC9508059, ,
PMC3741635, ,
PMC3235126, ,
PMC3218772, ,
PMC3093096, ,
PMC7598939, ,
PMC7450292, ,
PMC4818367, ,
PMC7793149,"Profile of the Study PopulationDuring the study period, 1617 pregnant women were approached and 1303 (80.5%) answered the study survey.",
PMC6529937, ,
PMC7900067, ,
PMC6192942, ,
PMC7788712, ,
PMC3219732, ,
PMC5707918, ,
PMC8998040, ,
PMC4204867, ,
PMC5908783, ,
PMC8176741, ,
PMC4578178, ,
PMC2409732, ,
PMC4943959, ,
PMC4579320, ,
PMC5290537, ,
PMC4119708, ,
PMC8652519, ,
PMC7171689, ,
PMC8761108, ,
PMC4942139, ,
PMC4596413, ,
PMC7571571, ,
PMC5015077, ,
PMC4538217, ,
PMC7090039, ,
PMC7369404, ,
PMC3728345, ,
PMC8645922, ,
PMC8899366, ,
PMC5835568, ,
PMC6629396, ,
PMC6026525, ,
PMC6035012, ,
PMC5434003, ,
PMC7488132, ,
PMC7433864, ,
PMC5344237, ,
PMC5353903, ,
PMC8568341, ,
PMC7373132, ,
PMC8623121, ,
PMC3173051, ,
PMC5934481, ,
PMC7370045, ,
PMC9182254, ,
PMC4911412, ,
PMC7125949, ,
PMC3585135, ,
PMC6147438, ,
PMC7315884, ,
PMC7271395, ,
PMC3566903, ,
PMC4240912, ,
PMC8465473, ,
PMC6372940, ,
PMC6931144, ,
PMC5958070,"Materials and MethodsParticipantsTwenty-nine participants were recruited, comprising of 17 people with PD (mean age = 64.9 years,SD= 6.1, 5 female) and 12 control participants (mean age = 59.7 years,SD= 4.1, 4 female).",
PMC7794735, ,
PMC3898195, ,
PMC6722107, ,
PMC8578921, ,
PMC7522717, ,
PMC5977192, ,
PMC8235005, ,
PMC5948214, ,
PMC2796643, ,
PMC2525932, ,
PMC8384777, ,
PMC8635947, ,
PMC6068841, ,
PMC6240060, ,
PMC7937407, ,
PMC8123677, ,
PMC6774530, ,
PMC8473693, ,
PMC9157318, ,
PMC8821807, ,
PMC6891963, ,
PMC3506531, ,
PMC6017223, ,
PMC4363870, ,
PMC9167691, ,
PMC9253351, ,
PMC8926159, ,
PMC7810877, ,
PMC3281955, ,
PMC3160551, ,
PMC8957022, ,
PMC5559555, ,
PMC7513789, ,
PMC9411738, ,
PMC3907531, ,
PMC6072783, ,
PMC9355434, ,
PMC6326086, ,
PMC4779882, ,
PMC8496988, ,
PMC5285490, ,
PMC4974805, ,
PMC9106306, ,
PMC8302460, ,
PMC6418375, ,
PMC3233417, ,
PMC2195561, ,
PMC6873218, ,
PMC5902525, ,
PMC8806969, ,
PMC3706386, ,
PMC6091482, ,
PMC4863123, ,
PMC6364384, ,
PMC8872452, ,
PMC8839318, ,
PMC6485088, ,
PMC5600394, ,
PMC9139874, ,
PMC8406597, ,
PMC3491533, ,
PMC3175170, ,
PMC3435237, ,
PMC7716141, ,
PMC3326651, ,
PMC5710169, ,
PMC3261143, ,
PMC4884956, ,
PMC3968635, ,
PMC8789669, ,
PMC6323261, ,
PMC3388727, ,
PMC6134100, ,
PMC8833886, ,
PMC7977296, ,
PMC6392486,MethodologyA randomized controlled trial was conducted in which 93 diagnosed osteoporotic females were divided equally into three groups using an envelope method technique.,
PMC5064649, ,
PMC5766749, ,
PMC5008802, ,
PMC8903301,"Classification of the dysarthria type was diagnosed by SLHTs using the Mayo Clinic classification system [1].Thirty neurologically normal speakers (14 men and 16 women) aged 19–85 years (median, 22 years; interquartile range, 21.0–23.8 years) were also included.",
PMC5047451, ,
PMC6792499, ,
PMC5047872, ,
PMC6377119, ,
PMC4678765, ,
PMC8779890, ,
PMC3457999, ,
PMC8295094, ,
PMC7455795, ,
PMC3318181, ,
PMC6165884, ,
PMC3729232, ,
PMC5360061, ,
PMC3439035, ,
PMC8744874, ,
PMC4227270, ,
PMC8205386, ,
PMC5351935, ,
PMC6459901, ,
PMC4552841, ,
PMC7210411, ,
PMC4293821, ,
PMC4693440, ,
PMC7967363, ,
PMC4825216, ,
PMC7221297, ,
PMC5464892, ,
PMC9286244, ,
PMC8908651, ,
PMC8896033, ,
PMC4546081, ,
PMC9545839, ,
PMC6271238, ,
PMC9131734, ,
PMC3758309, ,
PMC7358184, ,
PMC4888312, ,
PMC7736625, ,
PMC3140076, ,
PMC8641774, ,
PMC2753584, ,
PMC5957406, ,
PMC6543689, ,
PMC7752096, ,
PMC8565933, ,
PMC6218502, ,
PMC3561938, ,
PMC5719647, ,
PMC4927662, ,
PMC3184150, ,
PMC6997662, ,
PMC7029471, ,
PMC7386785, ,
PMC2544456, ,
PMC5619496, ,
PMC6708297, ,
PMC8039777, ,
PMC1820826, ,
PMC4681991, ,
PMC6787511, ,
PMC6642089, ,
PMC8351969, ,
PMC6104833, ,
PMC3443421, ,
PMC8654284, ,
PMC9477733, ,
PMC9618981, ,
PMC5751194, ,
PMC4785184,"MethodsSubjectsFifteen subjects with obstructive sleep apnea (13 males, mean ± SEM age 54.0 ± 2.6, range 35–68 years) and 15 healthy controls (12 males, age 50.0 ± 2.9, 35–68 years) were recruited for the study.",
PMC4365753, ,
PMC3388065, ,
PMC8405858, ,
PMC5996535, ,
PMC5027207, ,
PMC4425879, ,
PMC3844096, ,
PMC3806824, ,
PMC7711102, ,
PMC4498896, ,
PMC6562487, ,
PMC3861695, ,
PMC3799734, ,
PMC6124747, ,
PMC8922031, ,
PMC8987008, ,
PMC9142500, ,
PMC9588895, ,
PMC8171095, ,
PMC6929168, ,
PMC3176244, ,
PMC5675344, ,
PMC8067223, ,
PMC6161191, ,
PMC2731162, ,
PMC6901030, ,
PMC9130718, ,
PMC8320437, ,
PMC7841119, ,
PMC7876300, ,
PMC5057257, ,
PMC5734005, ,
PMC7108714, ,
PMC4726726, ,
PMC4662462, ,
PMC5595929, ,
PMC7812340, ,
PMC3759001, ,
PMC4915690, ,
PMC7406039, ,
PMC5381111, ,
PMC9496817, ,
PMC6434084, ,
PMC3163516, ,
PMC9347577, ,
PMC5828197, ,
PMC5276826, ,
PMC6726757, ,
PMC5804294, ,
PMC7695380, ,
PMC8174692, ,
PMC5832860, ,
PMC7737831, ,
PMC7322278, ,
PMC3480361, ,
PMC3814065, ,
PMC8585083, ,
PMC7009230, ,
PMC8599199, ,
PMC7650526, ,
PMC9065263, ,
PMC5017110, ,
PMC7788913, ,
PMC3608605, ,
PMC5201276, ,
PMC8829122, ,
PMC7767714, ,
PMC6767640, ,
PMC8027668, ,
PMC4431869, ,
PMC3798629, ,
PMC2669403, ,
PMC8037330, ,
PMC7181891, ,
PMC3819596, ,
PMC4787827, ,
PMC7538195, ,
PMC5702344, ,
PMC2669185, ,
PMC2800331, ,
PMC9578146, ,
PMC3871602, ,
PMC8245767, ,
PMC5190101, ,
PMC5970244, ,
PMC9366265, ,
PMC6267016, ,
PMC6965115,"Within those rules, 50% (5 rules) from adult males =>adult males, 30% (3 rules) from adult females with infants =>adult males, and 20% (2 rules) from adult males => adult females with infants.",
PMC4219668, ,
PMC8722670, ,
PMC6451925, ,
PMC5724066, ,
PMC6775308, ,
PMC5519633, ,
PMC5264324, ,
PMC8942522, ,
PMC6471541, ,
PMC6957912, ,
PMC4718669,The proportion of men (N = 109) and women (N = 128) were similar.,
PMC9119677, ,
PMC9434836, ,
PMC8427621, ,
PMC8401797, ,
PMC9343632, ,
PMC8510161, ,
PMC3394595, ,
PMC5841657, ,
PMC9264607, ,
PMC4556204, ,
PMC4855053, ,
PMC9291292, ,
PMC7898756, ,
PMC5858293, ,
PMC7352761, ,
PMC8606782, ,
PMC5958746, ,
PMC6964230, ,
PMC8560807, ,
PMC6436070, ,
PMC3538554, ,
PMC6416316, ,
PMC9268327, ,
PMC4931594, ,
PMC8834370, ,
PMC3870117, ,
PMC6044554, ,
PMC8381626,"This study was conducted properly in accordance with the Animal Care and Use Code of the Drug Safety Testing Center, Yoshimi, Saitama, Japan.2.8Skin-patch testThe subjects enrolled were 22 Japanese adults (17 females and 5 males, 20–60 years old when they agreed to the test).",
PMC5133689, ,
PMC4996887, ,
PMC3680431, ,
PMC5571702, ,
PMC4731937, ,
PMC5950683, ,
PMC9405735, ,
PMC5517790, ,
PMC8974598, ,
PMC3233654, ,
PMC4409172, ,
PMC6015591, ,
PMC3999468, ,
PMC5669876, ,
PMC4016019, ,
PMC5181677, ,
PMC3380837, ,
PMC7664072, ,
PMC3764444, ,
PMC4300780, ,
PMC6901687, ,
PMC4981742, ,
PMC8613151, ,
PMC9524735, ,
PMC3171919, ,
PMC7609296, ,
PMC5104680, ,
PMC4165631, ,
PMC8069078, ,
PMC6503334, ,
PMC8912682, ,
PMC2942802, ,
PMC9080635, ,
PMC5297156, ,
PMC8938266, ,
PMC7241457, ,
PMC3698475, ,
PMC9240002, ,
PMC6954677, ,
PMC8070602, ,
PMC8966050, ,
PMC8946006, ,
PMC5903643, ,
PMC6279421, ,
PMC5668563, ,
PMC8064505, ,
PMC9182919, ,
PMC4597383, ,
PMC8515494, ,
PMC7193362, ,
PMC4208844,"(ii) long-term human hepatocytes in monolayer Batch HEP220770 (female; 35 years) were purchased from Biopredic International (Biopredic International, Rennes, France).",
PMC4315274, ,
PMC2931148, ,
PMC9546384, ,
PMC4196631, ,
PMC5729441, ,
PMC2905723, ,
PMC7878088, ,
PMC9354752,Gender is manipulated as a dichotomous variable coded as 0 for females and 1 for males.,
PMC4616745, ,
PMC7209879, ,
PMC270013, ,
PMC5017784,"Samples were not available for 2 women at 16–19 weeks, 5 women at 24–27 weeks, 2 women at 32–35 and 4 women at 36–39 weeks.",
PMC9002747, ,
PMC8798180, ,
PMC8232039, ,
PMC7662253, ,
PMC7999467, ,
PMC3310844, ,
PMC6239990, ,
PMC3937107, ,
PMC7988860, ,
PMC7913935, ,
PMC8683900,"The adequacy cutoffs for dietary fiber in males were 33 g/day for those under 30 years old, 30 g/day from 30 to 50 years old, and 28 g/day for those over 50.",
PMC8683900,"Fruit adequacy was defined as 2 or more servings per day for females under age 30 and all males, and 1.5 servings per day for females age 30 and over.",
PMC4686833, ,
PMC7840778, ,
PMC8017837, ,
PMC3339005, ,
PMC7445269, ,
PMC9234615, ,
PMC8789617, ,
PMC3946238, ,
PMC3628782, ,
PMC6070318, ,
PMC5497375, ,
PMC8383010, ,
PMC8242351, ,
PMC5057295, ,
PMC9412362, ,
PMC7996604, ,
PMC5289504, ,
PMC6877351, ,
PMC9341164, ,
PMC9510228, ,
PMC5011219, ,
PMC7918136, ,
PMC5458943, ,
PMC5247462, ,
PMC4946387, ,
PMC5806359, ,
PMC7701261, ,
PMC4579254, ,
PMC6465979, ,
PMC9284361, ,
PMC6261652, ,
PMC6805517, ,
PMC4580424, ,
PMC9563724, ,
PMC3923393, ,
PMC7804978, ,
PMC5402780, ,
PMC6078275, ,
PMC7205144, ,
PMC6891256, ,
PMC1934907, ,
PMC3549346, ,
PMC4834603, ,
PMC3490724, ,
PMC4304321, ,
PMC6035176, ,
PMC6586940, ,
PMC6305400, ,
PMC2853791, ,
PMC6985205, ,
PMC8901660, ,
PMC5471946, ,
PMC9522618, ,
PMC7483668, ,
PMC9283096, ,
PMC8075012, ,
PMC3819519, ,
PMC5944207, ,
PMC9307247, ,
PMC8242020,"Participants were 18–34 years old (M= 22.33 years,SD= 2.98; 20 males, two left-handed) and reported no personal or familial history of photosensitive epilepsy or seizures, and therefore could safely view the flickering visual displays.",
PMC8383344, ,
PMC8000940, ,
PMC7214175, ,
PMC6916589, ,
PMC5384044, ,
PMC7768901, ,
PMC8231787, ,
PMC6480706, ,
PMC6702261, ,
PMC8600362, ,
PMC7319013, ,
PMC9482626, ,
PMC7732685, ,
PMC8739681,Data from 528 socioeconomically disadvantaged students (287 female and 241 male) who participated in the surveys at two waves were used.,
PMC6231464, ,
PMC8805924, ,
PMC5132243, ,
PMC7714208, ,
PMC4530924, ,
PMC6122569, ,
PMC6996733, ,
PMC9265133, ,
PMC3575041, ,
PMC5374681, ,
PMC9544858, ,
PMC9586861, ,
PMC7713562, ,
PMC6013754, ,
PMC3273973, ,
PMC7125695, ,
PMC8569757, ,
PMC9541929, ,
PMC9160303, ,
PMC4296221, ,
PMC4839332, ,
PMC3791663, ,
PMC4391933, ,
PMC8891275, ,
PMC2978244,Materials and MethodsParticipantsTwenty-five subjects (7 females) participated in the study.,
PMC459225, ,
PMC5918999, ,
PMC8994758, ,
PMC7002114, ,
PMC8130973, ,
PMC9519978, ,
PMC7914347, ,
PMC6450632, ,
PMC4650924, ,
PMC7362896, ,
PMC4446486, ,
PMC5810218, ,
PMC3018115, ,
PMC5839211, ,
PMC9191274, ,
PMC3228782, ,
PMC4589331, ,
PMC3508550, ,
PMC3938531, ,
PMC3120853, ,
PMC9000588, ,
PMC6580759, ,
PMC8957943, ,
PMC9173971, ,
PMC5805371, ,
PMC8652787,"METHODParticipantsParticipants (Mage= 37.34,SDage= 12.52, 45% female; 100% United States; 53% Democrat; 33% Republican; 14% Other) were recruited via Amazon's MTurk and provided monetary compensation.",
PMC5039358, ,
PMC9489768, ,
PMC3559338, ,
PMC4322980, ,
PMC8414691, ,
PMC4893650, ,
PMC7658130, ,
PMC7664435, ,
PMC9413890, ,
PMC5344969, ,
PMC8897216, ,
PMC3491895, ,
PMC6884554, ,
PMC8968136, ,
PMC4693622, ,
PMC5876539, ,
PMC6971280, ,
PMC8657373, ,
PMC5308801, ,
PMC9497794, ,
PMC5135744, ,
PMC8172967, ,
PMC7067805, ,
PMC4308198, ,
PMC8370615, ,
PMC4991415, ,
PMC8901489, ,
PMC6288254, ,
PMC8613249, ,
PMC2888787, ,
PMC6358654, ,
PMC9208501, ,
PMC5390318, ,
PMC7826256, ,
PMC7439513, ,
PMC8277369, ,
PMC7609730, ,
PMC3796775, ,
PMC8408965, ,
PMC7914709, ,
PMC4910148, ,
PMC4673073, ,
PMC9133959, ,
PMC5946311, ,
PMC8209054, ,
PMC6526583, ,
PMC4376726, ,
PMC4059272, ,
PMC4177155, ,
PMC4941010,"In a prior examination using 556 Japanese women aged 50 to 94 years [24], the corresponding values calculated by the equation used here were highly correlated with those by the equation developed by Takai et al.",
PMC8439280, ,
PMC8655328, ,
PMC7873510, ,
PMC6516192, ,
PMC9298354, ,
PMC2905097, ,
PMC8011228, ,
PMC9478858, ,
PMC7387096, ,
PMC7152910, ,
PMC6748072, ,
PMC6539072, ,
PMC6443951, ,
PMC7179514, ,
PMC9600963, ,
PMC9177882, ,
PMC7815329, ,
PMC6461953, ,
PMC3517586, ,
PMC8409201, ,
PMC9010152, ,
PMC5895753, ,
PMC9546170, ,
PMC7293081, ,
PMC6442784, ,
PMC6788372, ,
PMC2812854, ,
PMC5008499, ,
PMC3764327, ,
PMC4514991, ,
PMC8230175, ,
PMC7669437, ,
PMC8389249, ,
PMC9418297, ,
PMC3747173, ,
PMC7701944, ,
PMC8527778, ,
PMC7180556, ,
PMC9391106, ,
PMC5766126, ,
PMC3573998, ,
PMC5188419, ,
PMC9233760, ,
PMC8605771, ,
PMC2903364, ,
PMC6568380, ,
PMC6221829, ,
PMC6857070, ,
PMC8562806, ,
PMC3641320, ,
PMC6235670, ,
PMC7352846, ,
PMC7815740, ,
PMC6277323, ,
PMC7570206, ,
PMC4448467, ,
PMC4387754, ,
PMC9052184, ,
PMC7072387, ,
PMC8250590, ,
PMC4228400, ,
PMC7582770, ,
PMC9349603, ,
PMC4338210, ,
PMC4826946, ,
PMC4839605, ,
PMC4652277, ,
PMC4026537, ,
PMC3431982, ,
PMC7479484, ,
PMC4184259, ,
PMC3397993,"Materials and MethodsSubjectsIn a prospective, previously described[25],[26], case-control study at the Karolinska University Hospital in Stockholm, 410 PHPT patients (319 women) accepted for PTX between January 2006 and November 2008 were consecutively evaluated for possible participation.",
PMC3397993,The final population consisted of 48 patients (13 men and 35 women).,
PMC8431030, ,
PMC3502267, ,
PMC3713324, ,
PMC8512211, ,
PMC5067927, ,
PMC9427773, ,
PMC3985329, ,
PMC7291131, ,
PMC3127848, ,
PMC9436048, ,
PMC8963057, ,
PMC4911888, ,
PMC3931688, ,
PMC2409669, ,
PMC8350721, ,
PMC8534468, ,
PMC4010636, ,
PMC4081276, ,
PMC5021501, ,
PMC8879431, ,
PMC7591076, ,
PMC2614523, ,
PMC5952588, ,
PMC8889854, ,
PMC3583825, ,
PMC7762987, ,
PMC2966993, ,
PMC3750273, ,
PMC8919891, ,
PMC6163017, ,
PMC5813645, ,
PMC3018442, ,
PMC9104506, ,
PMC6135398, ,
PMC8877904, ,
PMC7069313, ,
PMC6458632, ,
PMC8880885, ,
PMC7346031, ,
PMC8474198, ,
PMC7027214, ,
PMC6773927, ,
PMC8674649, ,
PMC4207795, ,
PMC7494145, ,
PMC8195456, ,
PMC6489335, ,
PMC6399332, ,
PMC8665168, ,
PMC3163238, ,
PMC9519130, ,
PMC7471671, ,
PMC7040450, ,
PMC6219796, ,
PMC7528477, ,
PMC3826719, ,
PMC7519921, ,
PMC7530476, ,
PMC5750746, ,
PMC3918106,MethodsPatientsWe chose 75 patients including 53 men and 22 women with a mean age of 47.8 years (range 18–74 years) as research subjects (Table1).,
PMC8518618, ,
PMC5362953, ,
PMC4760023, ,
PMC7037757, ,
PMC7753196, ,
PMC8483496, ,
PMC3684523, ,
PMC8810011, ,
PMC3359307, ,
PMC3892844, ,
PMC6601563, ,
PMC4859515, ,
PMC5241341, ,
PMC6838009, ,
PMC7168465, ,
PMC6215792, ,
PMC8217546, ,
PMC6217004, ,
PMC2935115, ,
PMC7655814, ,
PMC3971593, ,
PMC3812337, ,
PMC6171534, ,
PMC3795020, ,
PMC4351003, ,
PMC6502853, ,
PMC9225755, ,
PMC9118695, ,
PMC2822525, ,
PMC3758353, ,
PMC7349590, ,
PMC6304806, ,
PMC8579450, ,
PMC9406703, ,
PMC9051024, ,
PMC5472187, ,
PMC6584722, ,
PMC3651710, ,
PMC6913377, ,
PMC4552787, ,
PMC8508856, ,
PMC8082543, ,
PMC5054067, ,
PMC8378081, ,
PMC8647158, ,
PMC9064604, ,
PMC8467672,Materials and MethodsWe enrolled 40 male university rugby football players in this study (RUG group).,
PMC4868685, ,
PMC8039666, ,
PMC8341649, ,
PMC7956727, ,
PMC6781658, ,
PMC4467445, ,
PMC1784097, ,
PMC4036772, ,
PMC9489408, ,
PMC6584697, ,
PMC6097299, ,
PMC4502121, ,
PMC8536594, ,
PMC8749732, ,
PMC7248670, ,
PMC3850626, ,
PMC3967662, ,
PMC5457492, ,
PMC8385073, ,
PMC6412741, ,
PMC5821317, ,
PMC7795176,"It is estimated that nearly 75% of women will experience at least one episode of VVC in their lifetime [31,32,33].",
PMC8393831, ,
PMC5799454, ,
PMC6944153, ,
PMC3072407, ,
PMC8859684, ,
PMC2327221, ,
PMC4794652, ,
PMC3751390, ,
PMC3977825, ,
PMC3481330, ,
PMC7759019, ,
PMC8074854, ,
PMC2972439,"In total, we obtained 1750 proxy interviews for dead men and 1750 for live men, representing 62 and 57% proxy response rates, respectively.The questionnaire covered a range of characteristics including alcohol consumption, smoking, socio-economic and demographic variables.",
PMC8639114, ,
PMC3503892, ,
PMC8229109, ,
PMC6629945, ,
PMC7326009, ,
PMC5515741, ,
PMC9095869, ,
PMC5982328,The Study GroupThe study was carried out at the Bialystok University of Technology on a group of 99 women aged 21.48 ± 1.17 with a body weight of 61.90 ± 11.07 kg and a body height of 166.41 ± 5.74 cm.,
PMC5982328,"In total 3402 strides were recorded (1874 cycles for sport shoes and 1528 cycles for high heels).Additionally, to ensure the robustness of the proposed method, a secondary study was performed on a group of 6 women.",
PMC5982328,Hence these results will be compared in relation to the sub-group of the selected 6 women (meaning the recognition results on the basis of the 1st test vs. the 2nd test) and discussed separately.,
PMC5363384, ,
PMC549047, ,
PMC2845050, ,
PMC8283049, ,
PMC8907380, ,
PMC7076783, ,
PMC7239524, ,
PMC3503366, ,
PMC4809107, ,
PMC8322224, ,
PMC5807318, ,
PMC3737187, ,
PMC7643341, ,
PMC8539423, ,
PMC4488771, ,
PMC7754138, ,
PMC4975386, ,
PMC7384476, ,
PMC7648094, ,
PMC8073753, ,
PMC7796168, ,
PMC9287158, ,
PMC6797152, ,
PMC8458041, ,
PMC5636982, ,
PMC8229709, ,
PMC9393169, ,
PMC8529073, ,
PMC8230271, ,
PMC8466092, ,
PMC7541130, ,
PMC9287624, ,
PMC3996311, ,
PMC4213768, ,
PMC3144463, ,
PMC4148116, ,
PMC6200746, ,
PMC6711597, ,
PMC7829129, ,
PMC8117571, ,
PMC9236922, ,
PMC9320995, ,
PMC7083422, ,
PMC3163211, ,
PMC7795597, ,
PMC8182633, ,
PMC8322070, ,
PMC4991427, ,
PMC1458964, ,
PMC9533974, ,
PMC7652693, ,
PMC7320004, ,
PMC2526062, ,
PMC5748673, ,
PMC7739825, ,
PMC3905914, ,
PMC7428254, ,
PMC7711911, ,
PMC6306556, ,
PMC8488208, ,
PMC7704390, ,
PMC4786813, ,
PMC9296815, ,
PMC3139880, ,
PMC8473637, ,
PMC5931514, ,
PMC8398041, ,
PMC8294221, ,
PMC2754421, ,
PMC8258158, ,
PMC5344071, ,
PMC5989845, ,
PMC4628363, ,
PMC5361128, ,
PMC8417973, ,
PMC4927435, ,
PMC9270440, ,
PMC3674358, ,
PMC7458599, ,
PMC7306642, ,
PMC3734737, ,
PMC1253719, ,
PMC7738812, ,
PMC6158766, ,
PMC9065678, ,
PMC8383205, ,
PMC8955596, ,
PMC7302499, ,
PMC7658770, ,
PMC5521765, ,
PMC5835534, ,
PMC6246828, ,
PMC5597239, ,
PMC8887767, ,
PMC4332504, ,
PMC5830990, ,
PMC6074543, ,
PMC8883744, ,
PMC2211393, ,
PMC2799398,"Therefore, the NCMS did not provide immediate benefits to women [21].",
PMC4930298, ,
PMC8470239, ,
PMC6298141, ,
PMC3712151, ,
PMC3898136, ,
PMC9215265, ,
PMC8749770, ,
PMC4966821, ,
PMC5620210, ,
PMC6736114, ,
PMC8987243, ,
PMC9473490, ,
PMC9259041, ,
PMC4924007, ,
PMC9014446, ,
PMC3669363, ,
PMC8997796, ,
PMC2137937, ,
PMC9481463, ,
PMC7503012, ,
PMC6402507, ,
PMC2277387, ,
PMC6449265, ,
PMC3307483, ,
PMC8877219, ,
PMC6889542, ,
PMC6929161, ,
PMC5017416, ,
PMC9169634, ,
PMC9220791, ,
PMC7510211, ,
PMC3679070, ,
PMC9312135,"The bone samples with 0–2 weeks PMI (class 1,n= 32), 2 weeks–6 months PMI (class 2,n= 46), 6 months–1 year PMI (class 3,n= 11), 1 year–10 years PMI (class 4,n= 10), and >100 years PMI (class 5,n= 5) were obtained from 16 female and 88 male human remains.",
PMC7417701, ,
PMC5407804, ,
PMC9152839, ,
PMC5758857, ,
PMC5297875, ,
PMC5998840, ,
PMC5562001, ,
PMC8844805, ,
PMC7539457, ,
PMC2776274, ,
PMC8215882, ,
PMC8721004, ,
PMC8173735, ,
PMC5841858, ,
PMC5435321, ,
PMC7220944, ,
PMC6901792,"Materials and MethodsParticipantsOne hundred ninety-four (N= 194) undergraduate students (aged between 18 and 41,M= 20.46 years,SD= 2.96 years; 53% female) from three large public North American universities participated in a 2-day laboratory study.",
PMC7329834, ,
PMC7850577, ,
PMC3225295, ,
PMC3626922, ,
PMC8705798, ,
PMC3900640, ,
PMC8706369, ,
PMC4981355, ,
PMC7520998, ,
PMC9593790, ,
PMC9570904, ,
PMC1325252, ,
PMC4312750, ,
PMC4599651, ,
PMC6343980, ,
PMC5865674, ,
PMC4766353, ,
PMC5585199,Serum AB (SAB) was a pool of 200 human male AB plasma purchased from Sigma-Aldrich (ref H4522).,
PMC2945762, ,
PMC5136531, ,
PMC3853089, ,
PMC8840064, ,
PMC6099413, ,
PMC2499996, ,
PMC6540484, ,
PMC9017441, ,
PMC3239842, ,
PMC5882149, ,
PMC5820239, ,
PMC8948674, ,
PMC8315483, ,
PMC4248467, ,
PMC5753379, ,
PMC4550822, ,
PMC8223142, ,
PMC4472615, ,
PMC4992173, ,
PMC8476923, ,
PMC2854046, ,
PMC8583248, ,
PMC8712124, ,
PMC4836731, ,
PMC4103893, ,
PMC6208722, ,
PMC6315539, ,
PMC6557206, ,
PMC9575785, ,
PMC3682392, ,
PMC5982040, ,
PMC8862432, ,
PMC8412871, ,
PMC9005824, ,
PMC2927589, ,
PMC9587549, ,
PMC4779511, ,
PMC7446805, ,
PMC3139649, ,
PMC2997012, ,
PMC5995607, ,
PMC2196275, ,
PMC8469703, ,
PMC8211847, ,
PMC4879248, ,
PMC4454534, ,
PMC6125626, ,
PMC3758053, ,
PMC6701045, ,
PMC5464344, ,
PMC6172693, ,
PMC2625446, ,
PMC6475661, ,
PMC8805696, ,
PMC9317827, ,
PMC9456154, ,
PMC3905922, ,
PMC4184660, ,
PMC7585101, ,
PMC9592916, ,
PMC4616094,"SUBJECTS AND METHODSFifty-nine (10 females and 49 males) police cadets from the Lowell Police Academy, class of2013, were initially recruited for the study.",
PMC3616092, ,
PMC8944065, ,
PMC4802584, ,
PMC7730324, ,
PMC7018344, ,
PMC8102914, ,
PMC4226647, ,
PMC7465122, ,
PMC7481905, ,
PMC4467828, ,
PMC9169967, ,
PMC8972123, ,
PMC6223238, ,
PMC6707615, ,
PMC5379157, ,
PMC7875903, ,
PMC8120552, ,
PMC7261686, ,
PMC6048409, ,
PMC3854617, ,
PMC6414519, ,
PMC7059753, ,
PMC8065768, ,
PMC8084734, ,
PMC9036128, ,
PMC3047347, ,
PMC4673932, ,
PMC8977435, ,
PMC7309037, ,
PMC3063338, ,
PMC7554388, ,
PMC9609797, ,
PMC7424652, ,
PMC7893798, ,
PMC8467045, ,
PMC6700082, ,
PMC6483926, ,
PMC9046742, ,
PMC6802636, ,
PMC4960789, ,
PMC4569941, ,
PMC5433434, ,
PMC8872429, ,
PMC3521302,"MethodsThe subject, who is also the first author, was a healthy, nonsmoking, 29 year old male with noocular pathology or significant refractive error.",
PMC3560741,"Material and MethodsThe examinations were carried out on 124 human fetuses of both sexes (60 males, 64 females) derived from spontaneous abortions or stillbirths in the years 1989–2001.",
PMC6441130, ,
PMC5133413, ,
PMC3093377, ,
PMC6275084, ,
PMC6375735, ,
PMC5524399, ,
PMC7584016, ,
PMC6199802, ,
PMC4817412, ,
PMC6717159, ,
PMC7083975, ,
PMC7103606, ,
PMC4475794, ,
PMC5434241, ,
PMC5980914, ,
PMC4392750, ,
PMC6191428, ,
PMC9478108, ,
PMC4940769, ,
PMC4703743, ,
PMC4794946, ,
PMC7392279, ,
PMC3470584, ,
PMC7314331, ,
PMC4253388,"However, presence of lifetime maternal depressive history (29 out of 64 women) and substance abuse (14 out of 64 women) was controlled for in the following analyses.",
PMC8584540, ,
PMC9542815, ,
PMC6804044, ,
PMC8765610, ,
PMC4236654, ,
PMC8710239, ,
PMC7580006, ,
PMC4492667, ,
PMC5415810, ,
PMC3869758, ,
PMC8502290, ,
PMC5966254, ,
PMC2848570, ,
PMC5325606, ,
PMC9562010, ,
PMC3765282, ,
PMC4105494, ,
PMC7551958, ,
PMC4821484, ,
PMC8870212, ,
PMC4895279, ,
PMC4773537, ,
PMC4979777, ,
PMC5405494, ,
PMC3590243, ,
PMC6662495, ,
PMC8762874, ,
PMC4339724, ,
PMC8369785, ,
PMC7440662, ,
PMC8066292, ,
PMC8037828, ,
PMC6081388, ,
PMC4820173, ,
PMC6029796, ,
PMC4722718, ,
PMC5893914, ,
PMC8432365, ,
PMC9034767, ,
PMC8229804, ,
PMC7018000, ,
PMC9082861, ,
PMC8728209, ,
PMC8972834, ,
PMC9608765, ,
PMC8622288, ,
PMC8408525, ,
PMC3747432, ,
PMC7671576, ,
PMC8744570, ,
PMC3025879, ,
PMC6580140, ,
PMC7063181, ,
PMC4883817, ,
PMC8740022, ,
PMC9019419, ,
PMC8745590, ,
PMC3322124, ,
PMC5816988, ,
PMC6781974, ,
PMC6170250, ,
PMC9162046, ,
PMC5949120, ,
PMC7468319, ,
PMC9221819, ,
PMC9268670, ,
PMC3134681, ,
PMC8994287, ,
PMC8164868, ,
PMC5410676, ,
PMC3734249, ,
PMC5902896, ,
PMC6102361, ,
PMC7512001, ,
PMC8751193, ,
PMC1993994, ,
PMC8394938, ,
PMC8835216, ,
PMC8063028, ,
PMC8607990, ,
PMC5813036, ,
PMC4077834, ,
PMC6559703, ,
PMC5357809, ,
PMC8358007, ,
PMC5744969, ,
PMC3686324, ,
PMC8932827, ,
PMC5161125, ,
PMC6691786, ,
PMC6130095, ,
PMC3987888, ,
PMC9265565, ,
PMC7761745, ,
PMC6482524, ,
PMC5107598, ,
PMC4278069, ,
PMC7269586, ,
PMC4327472, ,
PMC9246273, ,
PMC4324657, ,
PMC5620164, ,
PMC4563002, ,
PMC5303763, ,
PMC3689346, ,
PMC9599711, ,
PMC6305649, ,
PMC6567495, ,
PMC9500522, ,
PMC7661361, ,
PMC6315257, ,
PMC9389414, ,
PMC3171012, ,
PMC4905629, ,
PMC5938697, ,
PMC4896125, ,
PMC5149471, ,
PMC8521813, ,
PMC4992725, ,
PMC6539144, ,
PMC3030786,"After IRB approval, 3 female patients then underwent near total thyroidectomy, which was found to be feasible and extremely safe.5From January 2006 to September 2008, we used the ETTT approach on 22 consecutive patients.",
PMC3030786,The patients included 20 women and 2 men.,
PMC7200450, ,
PMC5771793, ,
PMC9161862, ,
PMC9559014, ,
PMC8069108, ,
PMC7311214, ,
PMC3462787, ,
PMC7207157, ,
PMC3219196, ,
PMC6609913, ,
PMC9055379, ,
PMC5432513, ,
PMC6614800, ,
PMC5952594, ,
PMC8458281, ,
PMC9205712, ,
PMC8828262, ,
PMC7920545, ,
PMC4164653, ,
PMC4498363, ,
PMC4794576, ,
PMC5018036, ,
PMC2822289, ,
PMC4538381, ,
PMC7394333, ,
PMC4439652, ,
PMC5190123, ,
PMC6068241, ,
PMC7423984, ,
PMC7553358,"Description of the study populationAll 435 pregnant women included in this study followed the minimum recommendation of ANC visits (average of 6 visits) with a range between 1 and 14 visits, and only clinical ANC data were used.",
PMC8072994, ,
PMC6122555, ,
PMC5014998, ,
PMC8110877, ,
PMC4493357, ,
PMC6095502, ,
PMC9280990, ,
PMC2415112, ,
PMC3890315, ,
PMC7393908, ,
PMC9167087, ,
PMC4937077, ,
PMC5514398, ,
PMC7414413, ,
PMC5348648, ,
PMC4208634, ,
PMC4485371, ,
PMC8033684, ,
PMC7186617, ,
PMC7262974,"Utilizing convenience sampling, eight registered nurses (7 women and 1 man) working in forensic (n= 4) or geriatric (n= 4) psychiatry completed interviews conducted by the first author.",
PMC3045874, ,
PMC8764718, ,
PMC6990515, ,
PMC8656938, ,
PMC6132869,"Materials and methodsThe study material comprised 42 human fetuses of both sexes (21 males and 21 females) of CRL ranged from 130 to 265 mm, and aged 18–30 weeks of gestation, originating from spontaneous miscarriages and preterm deliveries.",
PMC8170931, ,
PMC3246476, ,
PMC8307020, ,
PMC8371458, ,
PMC9490837, ,
PMC7813987, ,
PMC4766560, ,
PMC8291062, ,
PMC6235238, ,
PMC8064163, ,
PMC9374670, ,
PMC3986217, ,
PMC7316990, ,
PMC7347616, ,
PMC5964426, ,
PMC5435915, ,
PMC2889881, ,
PMC9602992, ,
PMC6483311, ,
PMC6728978, ,
PMC3334257, ,
PMC2763178,"The ring and little fingers of the right hand of a volunteer (male, 26 yr), positioned on a black cloth, were imaged.",
PMC2763178,"The occlusion was applied by inflating a blood pressure cuff around the upper arm of a healthy subject (male, 27 yr).",
PMC6882313, ,
PMC3494073, ,
PMC9231356, ,
PMC8055985, ,
PMC3855072, ,
PMC8856613, ,
PMC3643057, ,
PMC4357642, ,
PMC9604034, ,
PMC8609809, ,
PMC7864819, ,
PMC6515443, ,
PMC8858924, ,
PMC7908861, ,
PMC3508564, ,
PMC6426576,"There were 93 females and 65 males in the study with a mean age of 30.91 (SD 11.5) and 26.77 (SD 10.84), respectively.",
PMC4226853, ,
PMC8847818, ,
PMC4363491, ,
PMC3919737, ,
PMC7532209, ,
PMC8928495, ,
PMC7578764, ,
PMC5013051, ,
PMC3797075, ,
PMC6591370, ,
PMC5427913, ,
PMC5820459, ,
PMC7933772, ,
PMC5492805, ,
PMC8231437, ,
PMC5686857, ,
PMC1950957, ,
PMC8211819, ,
PMC8521903, ,
PMC4403717, ,
PMC7150828, ,
PMC3277440, ,
PMC8465184, ,
PMC5462931, ,
PMC5356734, ,
PMC2579677, ,
PMC2864566, ,
PMC5963857, ,
PMC7160177, ,
PMC8616642, ,
PMC7065907, ,
PMC3327051, ,
PMC8859253, ,
PMC9422692, ,
PMC9239410, ,
PMC6356182, ,
PMC2938436, ,
PMC6798072, ,
PMC3415613, ,
PMC7575225, ,
PMC9539958, ,
PMC2808874, ,
PMC7453518, ,
PMC8491588, ,
PMC5372469, ,
PMC9386844, ,
PMC5440732, ,
PMC7347553, ,
PMC2064767, ,
PMC2939589, ,
PMC4081785, ,
PMC4319887, ,
PMC9289785, ,
PMC6140619, ,
PMC8977743, ,
PMC3146045, ,
PMC6753690, ,
PMC8579434, ,
PMC4374394, ,
PMC3636369, ,
PMC2615452, ,
PMC8718516, ,
PMC6794773,"A group of 541 women attending gynecological services were recruited in the outpatient clinic “CIES Salud Sexual y Reproductiva” in the city of Cochabamba, Bolivia.",
PMC8518720, ,
PMC3669200, ,
PMC4519623, ,
PMC3829211, ,
PMC7097682, ,
PMC7611651, ,
PMC7068619, ,
PMC7039824, ,
PMC3765372, ,
PMC9326537, ,
PMC8297717, ,
PMC5544614, ,
PMC3384263, ,
PMC9059551, ,
PMC3857374, ,
PMC7316178, ,
PMC9329279, ,
PMC3982254, ,
PMC8543273, ,
PMC1533820, ,
PMC6684625, ,
PMC6426994, ,
PMC1184084, ,
PMC3337275, ,
PMC9071099, ,
PMC9030189, ,
PMC7298432, ,
PMC3661361, ,
PMC3559221, ,
PMC6820957, ,
PMC6530227, ,
PMC9138231, ,
PMC9034904, ,
PMC7132724, ,
PMC4669941, ,
PMC8156645, ,
PMC8450287, ,
PMC9246232, ,
PMC9131284, ,
PMC4251230, ,
PMC8306816, ,
PMC6710037, ,
PMC6445291, ,
PMC9260904, ,
PMC7255379, ,
PMC5466760, ,
PMC3967861, ,
PMC6131978, ,
PMC5934736, ,
PMC7461873, ,
PMC5980328, ,
PMC5650213, ,
PMC9168036, ,
PMC6617651, ,
PMC5784642, ,
PMC9319387, ,
PMC3419073,One hundred ninety nine healthy and exclusively breastfeeding women aged 23 to 38 years old were initially enrolled in the study beginning on postpartum day two.,
PMC4311234, ,
PMC9202691, ,
PMC6895927, ,
PMC3326021, ,
PMC7903709, ,
PMC6479754, ,
PMC6256238, ,
PMC7973728, ,
PMC7766487, ,
PMC7264924, ,
PMC6910897, ,
PMC7407325, ,
PMC8001862, ,
PMC3388347, ,
PMC7027452, ,
PMC9333344, ,
PMC6402621, ,
PMC5226607, ,
PMC3979123, ,
PMC5812212, ,
PMC4112489, ,
PMC3425570, ,
PMC5868323, ,
PMC6098030, ,
PMC3520779, ,
PMC4442282, ,
PMC6537301, ,
PMC6553795, ,
PMC5520182, ,
PMC6252333, ,
PMC8790416, ,
PMC2675850, ,
PMC9134082, ,
PMC6916452, ,
PMC8629624, ,
PMC9536549, ,
PMC4658182, ,
PMC3938445, ,
PMC5981242, ,
PMC3234191, ,
PMC8586498, ,
PMC2875041, ,
PMC7762245, ,
PMC3988514,"The normal-subject group consisted of 10 persons in their 60 s (age 65.7 ± 2.2, 5 men, 5 women), and 10 in their 70 s (age 74.1 ± 2.2, 5 men, 5 women).",
PMC3988514,"The normal-subject group was comprised of 10 persons in their 50 s (mean age 55.2 ± 3.0, 4 men, 6 women), 12 in their 60 s (mean age 63.8 ± 2.9, 7 men, 5 women), and 10 in their 70 s (mean age 73.2 ± 2.4, 5 men, 5 women).",
PMC4748455, ,
PMC4079298, ,
PMC3891858, ,
PMC6617288, ,
PMC6073096, ,
PMC7782404, ,
PMC6105630, ,
PMC7907599, ,
PMC5429685, ,
PMC8400663, ,
PMC4519120, ,
PMC6147602, ,
PMC2797363, ,
PMC8670342, ,
PMC7202403, ,
PMC9357023, ,
PMC7592864, ,
PMC4308896, ,
PMC7885293, ,
PMC7520661, ,
PMC5862916, ,
PMC8725374, ,
PMC5885411, ,
PMC9118757, ,
PMC7297777, ,
PMC5840079, ,
PMC4144132, ,
PMC8494172, ,
PMC4705120, ,
PMC4603877, ,
PMC9548106, ,
PMC6423440, ,
PMC8997056, ,
PMC3466234, ,
PMC8556228, ,
PMC6683934, ,
PMC4848974, ,
PMC3549705, ,
PMC5529766, ,
PMC8898035, ,
PMC6676122, ,
PMC8859270, ,
PMC7036831, ,
PMC7655487, ,
PMC5620195, ,
PMC3388952, ,
PMC6117052, ,
PMC3507179, ,
PMC2816659, ,
PMC5805537, ,
PMC8637655, ,
PMC7766380, ,
PMC7967477, ,
PMC3035558, ,
PMC8550416, ,
PMC7567345, ,
PMC7108344, ,
PMC8341375, ,
PMC4934574,The total number of participants was 3137–1719 women (54.8%) and 1418 men (45.2%).,
PMC8049330, ,
PMC7292205, ,
PMC4631376, ,
PMC9399347, ,
PMC7599696, ,
PMC8728242, ,
PMC5575900, ,
PMC7170873, ,
PMC4814906, ,
PMC4598115, ,
PMC6769294, ,
PMC2868786, ,
PMC8583880, ,
PMC7060188, ,
PMC4172582, ,
PMC8266313, ,
PMC7494900, ,
PMC4454432, ,
PMC5353548, ,
PMC3690407, ,
PMC4374871, ,
PMC8457478, ,
PMC7838179, ,
PMC7960726, ,
PMC9408439, ,
PMC6708393, ,
PMC5288153, ,
PMC5059436, ,
PMC2629772, ,
PMC3407214, ,
PMC6557120, ,
PMC6449282, ,
PMC5762530, ,
PMC2700281, ,
PMC8488744, ,
PMC6105519, ,
PMC6011384, ,
PMC7873493, ,
PMC4380253, ,
PMC7408825, ,
PMC6037768, ,
PMC2248708, ,
PMC7354675, ,
PMC2585571, ,
PMC7996580, ,
PMC8044720, ,
PMC5548023, ,
PMC8726487, ,
PMC7728185, ,
PMC7955271, ,
PMC3588691, ,
PMC2164943, ,
PMC8006275, ,
PMC3565146, ,
PMC5999974, ,
PMC6334550, ,
PMC6151890, ,
PMC6546808, ,
PMC5462682, ,
PMC4278300, ,
PMC6370172, ,
PMC2909923, ,
PMC8142341, ,
PMC6936004, ,
PMC5334444,"Overall, 79.5 % (723,316/909,622) of the markers passed all quality control filters.After filtering, 76 individuals (41 males and 35 females) and 723,316 diploid SNPs remained.",
PMC4298809, ,
PMC5565190,"Five more families (Females 7, 8, 14, 15, 16) were preserved in Ethanol (one tube per family) and the individuals were only separated when they were genotyped.",
PMC6747507, ,
PMC5646327, ,
PMC5342096, ,
PMC5473546, ,
PMC7447902, ,
PMC8725443, ,
PMC4966208, ,
PMC5460002, ,
PMC6131290, ,
PMC6537849, ,
PMC9078235, ,
PMC7464180, ,
PMC8119538, ,
PMC8762969, ,
PMC6760527, ,
PMC4859395, ,
PMC8388228, ,
PMC4763433, ,
PMC6138732, ,
PMC5762075, ,
PMC3530550, ,
PMC4551438, ,
PMC6909086, ,
PMC5541264, ,
PMC8211080, ,
PMC5793056, ,
PMC7653290, ,
PMC8698814, ,
PMC6084373, ,
PMC7502184, ,
PMC6948048, ,
PMC7231002, ,
PMC5728516, ,
PMC3433351, ,
PMC5370432,MethodsBlood samplesBlood samples were obtained from 48 newly diagnosed male T2DM patients and 48 non-diabetic men matched for age (range 35–65 years) in the context of a study of parameters of insulin resistance (Additional file1: Table S1).,
PMC3745376, ,
PMC8812453, ,
PMC5444739, ,
PMC8775241,"Eligibility criteria included (1) all asymptomatic women aged ≥50 years, and (2) asymptomatic women aged ≥25 years with a documented family history of ovarian cancer in at least one primary or secondary relative.",
PMC8554572, ,
PMC9534784, ,
PMC7868147, ,
PMC8773682, ,
PMC5984098, ,
PMC5122946, ,
PMC4308943, ,
PMC8472224, ,
PMC8989081, ,
PMC2438331, ,
PMC5192242, ,
PMC5040344, ,
PMC3598193, ,
PMC6190813, ,
PMC8818872, ,
PMC9510055, ,
PMC6826724, ,
PMC9249551, ,
PMC3689750, ,
PMC8896370, ,
PMC9601129, ,
PMC8588630, ,
PMC4169796, ,
PMC4383920, ,
PMC7053100, ,
PMC7910113, ,
PMC4906381, ,
PMC5020625, ,
PMC8122537, ,
PMC9549878, ,
PMC5325428, ,
PMC2174305, ,
PMC9341046, ,
PMC7453661, ,
PMC7176884, ,
PMC7008032, ,
PMC8817074, ,
PMC8042651, ,
PMC5891413, ,
PMC5342531, ,
PMC7801294, ,
PMC6221844, ,
PMC8865688, ,
PMC8711572, ,
PMC4404687, ,
PMC6580028, ,
PMC8508753, ,
PMC9300616, ,
PMC8615212, ,
PMC4446823, ,
PMC6213273, ,
PMC8556181, ,
PMC6736867, ,
PMC8692237, ,
PMC9341417,"Therefore, this study was carried out through in-depth interviews with fifteen workers (female: 13, male: 2).",
PMC7554370, ,
PMC3241635, ,
PMC5547501, ,
PMC9023345, ,
PMC3464669, ,
PMC4232729, ,
PMC7491733, ,
PMC7400461, ,
PMC9515955, ,
PMC9549854, ,
PMC9320780, ,
PMC9085232, ,
PMC9302313, ,
PMC5872708, ,
PMC7539604, ,
PMC8593188, ,
PMC5841334, ,
PMC4705306, ,
PMC3846741, ,
PMC8112182, ,
PMC7351163, ,
PMC3524013, ,
PMC4591578, ,
PMC8448877, ,
PMC3531099, ,
PMC6075471, ,
PMC6240373, ,
PMC4282073, ,
PMC5323179, ,
PMC5909419, ,
PMC4158130, ,
PMC5504930, ,
PMC5985983, ,
PMC7065305, ,
PMC4671221, ,
PMC8831520, ,
PMC6477039, ,
PMC5822533, ,
PMC6737209, ,
PMC5477761, ,
PMC9519127, ,
PMC8933931, ,
PMC4000632, ,
PMC8504279, ,
PMC8965972, ,
PMC9473551, ,
PMC4256660, ,
PMC7164431, ,
PMC3655061, ,
PMC9076799, ,
PMC8741463, ,
PMC9118808, ,
PMC8299624, ,
PMC2845871, ,
PMC6788980, ,
PMC7052420, ,
PMC7432448, ,
PMC5489510, ,
PMC9103833, ,
PMC7095267, ,
PMC5828660, ,
PMC4468209, ,
PMC5888983, ,
PMC8111730,"The ENGHo also provides an estimate of the amount of specific foods (g) consumed by an “equivalent adult”, a unit that standardizes energy requirement to that of an adult male 30 to 60 years-old (2.750 kcal/day).",
PMC4686945, ,
PMC8669506, ,
PMC7848449, ,
PMC3587614, ,
PMC2628700, ,
PMC6123812, ,
PMC6793877, ,
PMC9561562, ,
PMC6422253, ,
PMC4107437, ,
PMC7161361, ,
PMC8800899, ,
PMC4754820, ,
PMC6586548, ,
PMC5865826, ,
PMC6798850, ,
PMC8513844, ,
PMC4670698, ,
PMC9180779, ,
PMC3105428, ,
PMC9425809, ,
PMC3748404, ,
PMC4911547, ,
PMC6715634, ,
PMC3859226, ,
PMC5932096, ,
PMC8152969, ,
PMC8335644, ,
PMC6751275, ,
PMC6287836, ,
PMC3196588, ,
PMC3937042, ,
PMC6530644, ,
PMC4702320, ,
PMC6896301, ,
PMC7481898, ,
PMC7171860, ,
PMC8107762, ,
PMC3713898, ,
PMC6750213, ,
PMC7880977, ,
PMC4431740, ,
PMC9301042, ,
PMC6335419, ,
PMC3518475, ,
PMC7119155, ,
PMC9022729, ,
PMC2749336, ,
PMC6938183, ,
PMC9437794, ,
PMC7794254, ,
PMC7074340, ,
PMC4303154, ,
PMC5558184, ,
PMC8739771, ,
PMC7402282, ,
PMC5623824, ,
PMC7145271, ,
PMC9150314, ,
PMC8069050, ,
PMC8576638, ,
PMC7408361, ,
PMC7069443, ,
PMC8808305, ,
PMC5946936, ,
PMC9519998, ,
PMC8163581, ,
PMC7653638, ,
PMC3506633, ,
PMC5591228, ,
PMC3933785, ,
PMC2853121, ,
PMC8929146, ,
PMC7555373, ,
PMC4426650, ,
PMC3532090, ,
PMC8070039, ,
PMC2265702,"MethodsA double-blind, placebo-controlled, randomized, crossover protocol was used to administer 10 mg of loratadine (a powdered tablet) capsule or placebo (lactose) capsule in 9 volunteer subjects (8 males and 1 female).",
PMC5356547, ,
PMC7596480, ,
PMC8342406, ,
PMC9421059, ,
PMC7346327, ,
PMC6522714, ,
PMC3695841, ,
PMC4738270, ,
PMC6343425, ,
PMC9314494, ,
PMC2695855, ,
PMC5338948, ,
PMC8943571, ,
PMC6587442, ,
PMC9403504, ,
PMC4138289, ,
PMC6676954, ,
PMC6881058, ,
PMC8908300, ,
PMC8127237, ,
PMC4172864, ,
PMC8021882, ,
PMC3654235, ,
PMC3917488, ,
PMC9283046, ,
PMC9203770, ,
PMC9316942, ,
PMC5863345, ,
PMC5466396, ,
PMC8499891,"Males were coded by 1 and females by 2, so thatabs_diff_sexis the ratio of contacts that have a different sex than P. Additionally, we also accounted for the average age (avg_age) in the set of contacts as well as for the average sex (avg_sex) in the contact set of each hyperevent.",
PMC7750974, ,
PMC9255407, ,
PMC5085753, ,
PMC8144123, ,
PMC8037251, ,
PMC6451043, ,
PMC7358566, ,
PMC9152120, ,
PMC3536782, ,
PMC5536765, ,
PMC3382127, ,
PMC7350935, ,
PMC9592692, ,
PMC9597859, ,
PMC6287129, ,
PMC6159554, ,
PMC2065905, ,
PMC2291050, ,
PMC4621758,These 600 individuals consisted of 75 men and 75 women in each 10-year age group from 20 to 59 years.,
PMC4935535, ,
PMC2928184, ,
PMC4650927, ,
PMC7852545, ,
PMC8603797, ,
PMC3293911, ,
PMC7042122, ,
PMC9514744, ,
PMC3208547, ,
PMC5932742, ,
PMC3365284, ,
PMC8027011, ,
PMC6879860, ,
PMC7187329, ,
PMC3053247, ,
PMC8322947, ,
PMC5301040, ,
PMC4014569, ,
PMC5783841, ,
PMC1797832, ,
PMC4701191, ,
PMC9558795, ,
PMC3530087, ,
PMC7578377, ,
PMC7302243, ,
PMC5626165, ,
PMC9540538, ,
PMC2747915, ,
PMC6650051, ,
PMC3944314,"SUBJECTS AND METHODSThe subject was a 28 year-old male with excessive lordosis, who complained of severe LBPpain at the L3 level.",
PMC7549592, ,
PMC7560070, ,
PMC5537557, ,
PMC6224244, ,
PMC4690661, ,
PMC6287197, ,
PMC1831769, ,
PMC7672751, ,
PMC5466740, ,
PMC9549376, ,
PMC6295326, ,
PMC6611807, ,
PMC7662934, ,
PMC8752000, ,
PMC4791250, ,
PMC3584667, ,
PMC8320210, ,
PMC9415166, ,
PMC9027937, ,
PMC3728095, ,
PMC7397350, ,
PMC8594585, ,
PMC8605230, ,
PMC6815795, ,
PMC5319365, ,
PMC8460992, ,
PMC8943056, ,
PMC8453766, ,
PMC3979946, ,
PMC8944699, ,
PMC3021547,"In one branch of the EUROFORS study[10], 69 women with severe osteoporosis were treated with recombinant human PTH (hPTH-(1-34)) for 24 months, with quantitative CT scans at baseline and 24 months.",
PMC3021547,This yielded 119 femurs from 65 women (mean age 67.5±6.8 years).,
PMC9516397, ,
PMC5714165, ,
PMC4964922, ,
PMC7956538, ,
PMC8507218, ,
PMC7566434, ,
PMC3531332, ,
PMC4578079, ,
PMC3894919, ,
PMC4780865, ,
PMC3636241, ,
PMC7154122, ,
PMC4659885, ,
PMC5683119, ,
PMC4536662, ,
PMC7891836, ,
PMC8066958, ,
PMC7683297, ,
PMC4434177, ,
PMC7883459, ,
PMC6382934, ,
PMC5020857, ,
PMC7059119, ,
PMC6373903, ,
PMC8113412, ,
PMC4652263, ,
PMC7860767,"Methods9 SLE consecutive patients (mean age 40.5 years), 1 man and 8 woman.",
PMC8160002, ,
PMC3546959, ,
PMC3630982, ,
PMC5562324, ,
PMC6308711, ,
PMC7526687, ,
PMC9368322, ,
PMC3961749, ,
PMC8567035, ,
PMC2697156, ,
PMC6416392, ,
PMC8759021, ,
PMC3629196, ,
PMC5617458, ,
PMC2426682, ,
PMC4063226, ,
PMC4636061, ,
PMC8710355, ,
PMC8421418, ,
PMC5564572, ,
PMC8634479, ,
PMC6968970, ,
PMC7788972, ,
PMC4690163, ,
PMC9020105, ,
PMC2989791, ,
PMC7653353, ,
PMC8199636, ,
PMC4726309, ,
PMC7303180, ,
PMC7948737, ,
PMC8486523, ,
PMC8978068, ,
PMC5680899, ,
PMC2758849, ,
PMC3541120, ,
PMC5459222, ,
PMC4327695,"MATERIAL AND METHODSThe experimental group consisted of 10 periodontally diseased human teeth with extensive loss of periodontal supporting tissue, which were extracted from 10 fifty-year-old male patients, randomly selected from a private dental office.",
PMC8995012, ,
PMC7689082, ,
PMC6314602, ,
PMC4757551, ,
PMC9558422, ,
PMC5551708, ,
PMC6039740, ,
PMC9375567, ,
PMC8953543, ,
PMC8960266, ,
PMC7053318, ,
PMC3178901, ,
PMC4912264, ,
PMC8039786, ,
PMC3995298, ,
PMC8646747, ,
PMC7826288, ,
PMC3999669, ,
PMC6679905, ,
PMC3530467, ,
PMC4015953, ,
PMC8272485, ,
PMC4604213, ,
PMC6764255, ,
PMC7982638, ,
PMC7994206, ,
PMC7987324, ,
PMC2118732, ,
PMC4412647, ,
PMC6571829, ,
PMC7308888, ,
PMC7156411, ,
PMC2360627, ,
PMC9578671, ,
PMC7020300, ,
PMC3835618, ,
PMC5487074, ,
PMC3112102, ,
PMC7773638, ,
PMC5241467, ,
PMC9358539, ,
PMC1939716, ,
PMC4072401, ,
PMC8541249, ,
PMC8827164, ,
PMC3774411, ,
PMC8526765, ,
PMC4022840, ,
PMC3941592, ,
PMC5827444, ,
PMC373453, ,
PMC7795596, ,
PMC8606284, ,
PMC3985649, ,
PMC6556985, ,
PMC7439338, ,
PMC9516461, ,
PMC5746835, ,
PMC4853576, ,
PMC6092853, ,
PMC4366263, ,
PMC4759919, ,
PMC3668869, ,
PMC3710996, ,
PMC5388034, ,
PMC8006013, ,
PMC4465459, ,
PMC5796097, ,
PMC5793202, ,
PMC8244350, ,
PMC6364383, ,
PMC6796425, ,
PMC6713035, ,
PMC6392136, ,
PMC8359380, ,
PMC5056730, ,
PMC4054969, ,
PMC8650468, ,
PMC5156472, ,
PMC5356670, ,
PMC7826726, ,
PMC8466375, ,
PMC7359004, ,
PMC5506010, ,
PMC5695282, ,
PMC8578915, ,
PMC9027675, ,
PMC8138130, ,
PMC5636985, ,
PMC6715171, ,
PMC3144582, ,
PMC6484639, ,
PMC8954509, ,
PMC3648455, ,
PMC7330141, ,
PMC3170465, ,
PMC3777348, ,
PMC7400852, ,
PMC8319729, ,
PMC8694660, ,
PMC9307872, ,
PMC5391207, ,
PMC3358296, ,
PMC7376194, ,
PMC8093790, ,
PMC8641215, ,
PMC7946485, ,
PMC5896204, ,
PMC6580720, ,
PMC4360808, ,
PMC6700287, ,
PMC4627341, ,
PMC4872723, ,
PMC5819774, ,
PMC6099448, ,
PMC8001973, ,
PMC2736483, ,
PMC7698559, ,
PMC7451580, ,
PMC2999586, ,
PMC5037778, ,
PMC6056168, ,
PMC2409623, ,
PMC6065880, ,
PMC8897714, ,
PMC7373501, ,
PMC7359096, ,
PMC4132400, ,
PMC6108788, ,
PMC7758613, ,
PMC5400582, ,
PMC4622059, ,
PMC9335333, ,
PMC8111055, ,
PMC6421237, ,
PMC3718331, ,
PMC2766034, ,
PMC3531285, ,
PMC8450440, ,
PMC3678822, ,
PMC6885724, ,
PMC5598250, ,
PMC7759606, ,
PMC4951027, ,
PMC5445352, ,
PMC8671703, ,
PMC9560915, ,
PMC4499963, ,
PMC9019221, ,
PMC9442558, ,
PMC7064628, ,
PMC6772104, ,
PMC5968676, ,
PMC4574444, ,
PMC9178346, ,
PMC7771494, ,
PMC5106400, ,
PMC3153157, ,
PMC5716096, ,
PMC5568349, ,
PMC3680296, ,
PMC7815604, ,
PMC8116578, ,
PMC3503781, ,
PMC8541334, ,
PMC7222347, ,
PMC9034401, ,
PMC4215843, ,
PMC7841061, ,
PMC4035057, ,
PMC7599425, ,
PMC4330251, ,
PMC8932365, ,
PMC6601587, ,
PMC3202139, ,
PMC9102946, ,
PMC3867649, ,
PMC9463571, ,
PMC6924794, ,
PMC5520720, ,
PMC8296842, ,
PMC4168415, ,
PMC5088434,"Subjects were male or female age 50 years or older at time of PD diagnosis, Hoehn & Yahr (H&Y) Stage I–IV.",
PMC8915031, ,
PMC7373708, ,
PMC8186068, ,
PMC6533476, ,
PMC8559937, ,
PMC6942486, ,
PMC8919514, ,
PMC4828922, ,
PMC3772906, ,
PMC7315507, ,
PMC6364807, ,
PMC5271673, ,
PMC8357416, ,
PMC8861062, ,
PMC6965129, ,
PMC8151074, ,
PMC8654976, ,
PMC8320819, ,
PMC7676655, ,
PMC4278873,Participants were 257 women between the ages of 40 and 58 years.,
PMC8404199, ,
PMC5586707,"There were 53 women and 26 men, with a mean age of 39.5 ± 11.5 years (range, 16–68).",
PMC5586707,"There were 19 women and 11 men, with a mean age of 40.8 ± 10.6 years (range, 19–65 years).Specimen Collection and TestingFasting venous blood samples (5 ml) were collected in all patients after surgery and before131I therapy.",
PMC5291347, ,
PMC8080465, ,
PMC4024268, ,
PMC6277446, ,
PMC2837383, ,
PMC6407384, ,
PMC5687659, ,
PMC6861924, ,
PMC5665287, ,
PMC3577813, ,
PMC3091736, ,
PMC3352056, ,
PMC8145789, ,
PMC9200514, ,
PMC5120163, ,
PMC3446964, ,
PMC5080476, ,
PMC6165205, ,
PMC6172670, ,
PMC8065155, ,
PMC8352881, ,
PMC6205468, ,
PMC8745562, ,
PMC6651299, ,
PMC5292172, ,
PMC8271080, ,
PMC7426452, ,
PMC8861431, ,
PMC6543061, ,
PMC6667451, ,
PMC2570556, ,
PMC4342032, ,
PMC5010411, ,
PMC7392876, ,
PMC4210636, ,
PMC8100816, ,
PMC8022578, ,
PMC7957015, ,
PMC8060412, ,
PMC3996549, ,
PMC4294658, ,
PMC4164864, ,
PMC2820181, ,
PMC5107874, ,
PMC8573850, ,
PMC6960374, ,
PMC9164284, ,
PMC1479358, ,
PMC7168724, ,
PMC4602236, ,
PMC4505473, ,
PMC8961780, ,
PMC8051000, ,
PMC6480172,"Data Collection and OrganizationIn our study, 12 subjects (males, age = 24.7 ± 2.8 years old) were recruited to collect the cECG data (sampling frequency: 300 Hz).",
PMC3788803, ,
PMC4395162, ,
PMC6216076, ,
PMC8137088, ,
PMC7506644, ,
PMC8733832, ,
PMC8866181, ,
PMC8248758, ,
PMC7109898, ,
PMC7470799, ,
PMC9044573, ,
PMC3141257, ,
PMC7931223, ,
PMC4048280, ,
PMC7476650, ,
PMC8579248, ,
PMC3092801, ,
PMC3547009, ,
PMC4977235, ,
PMC4824069, ,
PMC8426942,"In pre‐specified analyses, we examined the association of NT‐proBNP with outcomes in the following subgroups: age ≥ 65 vs. <65; male vs. female; White vs. non‐White patients; history of coronary artery disease; and presence of hypertension.",
PMC3669533, ,
PMC8951333, ,
PMC5596252, ,
PMC3281115, ,
PMC5045942, ,
PMC3709896, ,
PMC2533698, ,
PMC9402737, ,
PMC3599890, ,
PMC5729245, ,
PMC7433881, ,
PMC8051749, ,
PMC8351418, ,
PMC8864608, ,
PMC6185824, ,
PMC5014790, ,
PMC4929451, ,
PMC8283691, ,
PMC5031535, ,
PMC8633986, ,
PMC3494571, ,
PMC7036501, ,
PMC8490513, ,
PMC8616377, ,
PMC8869094, ,
PMC4499413, ,
PMC8826362, ,
PMC3223586, ,
PMC4765138, ,
PMC4499812, ,
PMC9604685, ,
PMC3704644, ,
PMC7404595, ,
PMC2944817, ,
PMC5226057, ,
PMC7062828, ,
PMC4973888, ,
PMC2254419, ,
PMC3315397, ,
PMC4303191, ,
PMC6052333, ,
PMC8218297, ,
PMC9229128, ,
PMC4646236, ,
PMC9405754, ,
PMC8826815, ,
PMC5749158, ,
PMC7109324, ,
PMC5993813, ,
PMC9082542, ,
PMC7692680, ,
PMC4673555, ,
PMC9288748, ,
PMC8001870, ,
PMC8231589, ,
PMC3806446, ,
PMC9355679, ,
PMC4998693, ,
PMC9349512, ,
PMC8145473, ,
PMC5453582, ,
PMC8275445, ,
PMC4718542, ,
PMC8989121, ,
PMC6603575, ,
PMC5769030, ,
PMC8233976, ,
PMC2490748, ,
PMC9166992, ,
PMC6859469, ,
PMC9517980, ,
PMC6277819, ,
PMC6508666, ,
PMC2928186, ,
PMC7336235, ,
PMC8631719, ,
PMC7781520, ,
PMC3228326, ,
PMC3117809, ,
PMC3489898, ,
PMC6549912, ,
PMC7696971, ,
PMC9063880, ,
PMC3943203, ,
PMC4223620, ,
PMC4124764, ,
PMC9076877, ,
PMC4490658, ,
PMC8806466, ,
PMC3975136, ,
PMC4695203, ,
PMC7838665, ,
PMC6096228, ,
PMC4914247, ,
PMC9029370, ,
PMC8084201, ,
PMC4448867, ,
PMC9033708, ,
PMC7122944, ,
PMC9536955, ,
PMC5363589, ,
PMC7176568, ,
PMC6438120, ,
PMC7185741, ,
PMC7677829, ,
PMC8574027, ,
PMC6123097, ,
PMC5641424, ,
PMC5041150, ,
PMC5741974, ,
PMC5464904,"A total of twelve patients with gastric cancer were enrolled (8 male, 4 female, 42-67 years old).",
PMC5129990, ,
PMC4069344, ,
PMC8488637, ,
PMC5343445, ,
PMC538270, ,
PMC7918685, ,
PMC6367663, ,
PMC9323426, ,
PMC5535749, ,
PMC4037329, ,
PMC7245335, ,
PMC4022979, ,
PMC6962320, ,
PMC4678163, ,
PMC3295730, ,
PMC2976812, ,
PMC8349203, ,
PMC5662397, ,
PMC7101006, ,
PMC5328764, ,
PMC2409960, ,
PMC3899401, ,
PMC2217558, ,
PMC4510300,"3.1 Clinical manifestations and genetic analysisThis study included 24 patients suffering from iron overload (21 men and 3 women), with a median age of 49 years.",
PMC4510300,"Fourteen subjects were recruited for the control group, 10 men and 4 women, who had a median age of 45 years.",
PMC8769846, ,
PMC130145, ,
PMC9305042, ,
PMC5870028, ,
PMC5681288, ,
PMC8621929, ,
PMC3711807, ,
PMC7773826, ,
PMC5031311, ,
PMC7348466, ,
PMC543466, ,
PMC4746351, ,
PMC9412983, ,
PMC9569659, ,
PMC7553210, ,
PMC8105700, ,
PMC3858861, ,
PMC3023129, ,
PMC356930, ,
PMC3407153, ,
PMC5310851, ,
PMC7564853, ,
PMC8362973, ,
PMC8847997, ,
PMC4436257, ,
PMC5240232, ,
PMC5658946, ,
PMC6352428, ,
PMC3707097, ,
PMC3879626, ,
PMC8865617, ,
PMC7166973, ,
PMC3490844, ,
PMC6986713, ,
PMC9552232, ,
PMC9222295, ,
PMC6418443, ,
PMC2607222, ,
PMC9113890, ,
PMC8563883, ,
PMC4507982, ,
PMC9305144,"Furthermore, two sperm aliquots in each of the 10 males acted as untreated (diluted in PureSperm®Wash solution) control samples (n= 120 sperm samples in total).",
PMC6702750, ,
PMC4614154, ,
PMC8582388, ,
PMC9315769, ,
PMC4875715, ,
PMC5655872, ,
PMC3696694, ,
PMC4424821, ,
PMC8262417, ,
PMC4462504, ,
PMC7215921, ,
PMC5898578, ,
PMC8358354, ,
PMC5755337, ,
PMC7914111, ,
PMC8450338, ,
PMC8145327, ,
PMC8001681, ,
PMC8204039, ,
PMC5641523, ,
PMC3847333, ,
PMC3695236, ,
PMC5843262, ,
PMC5120933, ,
PMC2702100, ,
PMC8752413, ,
PMC3243717, ,
PMC9557973, ,
PMC3389429,"In total, 2066 women were censored during follow-up because they were diagnosed with another cancer.Incidence rate ratios (IRRs) were based on Cox regression models, with age as the time axis.",
PMC9322983, ,
PMC5359866, ,
PMC7862438, ,
PMC6858324, ,
PMC7510162, ,
PMC9343223, ,
PMC4650500, ,
PMC8740280, ,
PMC6528645, ,
PMC7671058, ,
PMC3561600, ,
PMC4422777, ,
PMC5553584, ,
PMC9317904, ,
PMC7601567, ,
PMC6429489, ,
PMC7425414, ,
PMC2633274, ,
PMC8480305, ,
PMC3078133, ,
PMC7956387, ,
PMC5859484, ,
PMC8730618, ,
PMC5251215, ,
PMC8110618, ,
PMC6609855, ,
PMC3167840, ,
PMC7713145, ,
PMC4788902, ,
PMC3152325, ,
PMC8275392, ,
PMC2844816, ,
PMC7444408, ,
PMC8235990, ,
PMC4402523, ,
PMC6801375, ,
PMC6585407, ,
PMC3491286, ,
PMC6394459, ,
PMC2765642,The study groupWe investigated skin biopsies taken from 13 women with vulvar SCC who had not been treated for any vulvar diseases earlier (mean age: 61.1±11.7 years).,
PMC2765642,The control group consisted of normal vulvar skin tissue obtained from surgical specimens from 12 women (mean age: 57.3±11.2) who underwent a plastic surgical operation of the vulva region.,
PMC8799961, ,
PMC5972277, ,
PMC9242806, ,
PMC5459998, ,
PMC2413402, ,
PMC5495534, ,
PMC3152993, ,
PMC3893603, ,
PMC3022024, ,
PMC4318139, ,
PMC4999993, ,
PMC7540901, ,
PMC5358852, ,
PMC5667789, ,
PMC6310714, ,
PMC6780563, ,
PMC6048481, ,
PMC8566661, ,
PMC6860418, ,
PMC5404332, ,
PMC3923048, ,
PMC8967126, ,
PMC6114978, ,
PMC3065435, ,
PMC7430448, ,
PMC7654302, ,
PMC6976623, ,
PMC7359527, ,
PMC4921783, ,
PMC7390666, ,
PMC6947724,A score of 1 was given for premenopausal women and a score of 3 was given for postmenopausal women (more than 1 year of amenorrhea or age older than 50 years in women who had hysterectomy).,
PMC5791953, ,
PMC7532887, ,
PMC8853325, ,
PMC5421915, ,
PMC3170639, ,
PMC7911157, ,
PMC7075537, ,
PMC9231321, ,
PMC5630549, ,
PMC5094554, ,
PMC7931878, ,
PMC4417143, ,
PMC8604381, ,
PMC9194846, ,
PMC2978205, ,
PMC7818235, ,
PMC5010767, ,
PMC5731967, ,
PMC4118419, ,
PMC6454201, ,
PMC4683826, ,
PMC9306109, ,
PMC6210169, ,
PMC7097675, ,
PMC4620808, ,
PMC4084992, ,
PMC5434964, ,
PMC2962266, ,
PMC4550660, ,
PMC9286284, ,
PMC8521270, ,
PMC1635058, ,
PMC6390652, ,
PMC3640864, ,
PMC6215669, ,
PMC7722762, ,
PMC7356896, ,
PMC8162285, ,
PMC5123482, ,
PMC6171022, ,
PMC6312254, ,
PMC1872032, ,
PMC96124, ,
PMC6408141,"2MethodsThis pilot study included 13 patients of Caucasian ethnicity, 4 females and 9 males.",
PMC6702658, ,
PMC3605408, ,
PMC6827442, ,
PMC9469971, ,
PMC9200333, ,
PMC9260291, ,
PMC5045377, ,
PMC7312941, ,
PMC6861289, ,
PMC9320307, ,
PMC4039053, ,
PMC7138770, ,
PMC7913510, ,
PMC5559806, ,
PMC2924399, ,
PMC4988840,"Treatment group characteristicsIn total, 137 patients (118 males) had commenced RFA treatment at time of analysis.",
PMC9454662, ,
PMC4141122, ,
PMC7900688, ,
PMC6832935, ,
PMC3541347, ,
PMC8718408, ,
PMC5940379, ,
PMC5843956, ,
PMC8032860, ,
PMC7430958, ,
PMC8020835, ,
PMC7288939, ,
PMC4015031, ,
PMC8990491, ,
PMC9123923, ,
PMC9304065, ,
PMC8790913, ,
PMC4501083, ,
PMC4422012, ,
PMC3296811, ,
PMC4549857, ,
PMC9600423, ,
PMC2528195, ,
PMC3722209, ,
PMC6780105, ,
PMC8905783, ,
PMC7885325, ,
PMC7654594, ,
PMC4914981, ,
PMC5866272, ,
PMC7399536, ,
PMC8117505, ,
PMC7786726, ,
PMC7000409, ,
PMC5548865, ,
PMC7014639, ,
PMC3411806, ,
PMC1475880, ,
PMC5796630, ,
PMC6066602, ,
PMC434533, ,
PMC7762496, ,
PMC7723925, ,
PMC8045164, ,
PMC4694885, ,
PMC6436241, ,
PMC4612230, ,
PMC7524620, ,
PMC5395719, ,
PMC6019959, ,
PMC9098865, ,
PMC9220862, ,
PMC3536583, ,
PMC6377471, ,
PMC7756970, ,
PMC7413344, ,
PMC3502181, ,
PMC2867996, ,
PMC9241724, ,
PMC6240821, ,
PMC5379139, ,
PMC6423310, ,
PMC7915751, ,
PMC4726013, ,
PMC9077962, ,
PMC8417372, ,
PMC5040434, ,
PMC4243949, ,
PMC8259379, ,
PMC6917794, ,
PMC8612294, ,
PMC6620816, ,
PMC5068706, ,
PMC5641570, ,
PMC4211395, ,
PMC4224628, ,
PMC9252195, ,
PMC8892150, ,
PMC2958984,"MethodsWe evaluated the first 361 consecutive metal-on-metal total hip resurfacing arthroplasties (257 in men and 104 in women) performed by a single surgeon that had a minimum follow-up of 28 months (mean of 59 months, range 28 to 87 months).",
PMC3101238, ,
PMC6199431, ,
PMC6646417, ,
PMC2212421, ,
PMC8760881, ,
PMC3158795, ,
PMC9136190,"All participants provided informed consent for their medical records to be used in the study and for cffDNA testing.The study cohort study comprised 31 women with singleton pregnancies who underwent cffDNA screening for trisomy 13, 18, and 21; sex determination; and FF.",
PMC9136190,The control group included 55 women who had naturally conceived.,
PMC5357062, ,
PMC8903581, ,
PMC6793881, ,
PMC9291090, ,
PMC4211412, ,
PMC6006313, ,
PMC8304789, ,
PMC6952269, ,
PMC4801338, ,
PMC6037497, ,
PMC5570796, ,
PMC5481456, ,
PMC6764485, ,
PMC8285465, ,
PMC7220387, ,
PMC5069870, ,
PMC4736823, ,
PMC4072602, ,
PMC5766092, ,
PMC7841253, ,
PMC8301887, ,
PMC3048893, ,
PMC3635927, ,
PMC5116185, ,
PMC8300659, ,
PMC3043353, ,
PMC3791287, ,
PMC5719050, ,
PMC4404064, ,
PMC8012318, ,
PMC8799328, ,
PMC5345474, ,
PMC5885007, ,
PMC7985994, ,
PMC7886062, ,
PMC7472895, ,
PMC9034754, ,
PMC5542913, ,
PMC7716389, ,
PMC6778035, ,
PMC4221508, ,
PMC6879017, ,
PMC3397969, ,
PMC2836299, ,
PMC8870197, ,
PMC6185958, ,
PMC8939199, ,
PMC8492273, ,
PMC3636696, ,
PMC8694305, ,
PMC9182260, ,
PMC7608795, ,
PMC2527337, ,
PMC8329231, ,
PMC3367284, ,
PMC5122955, ,
PMC7168810, ,
PMC4086615, ,
PMC4865523, ,
PMC8902868, ,
PMC5259953, ,
PMC8558679, ,
PMC8075060, ,
PMC2175144, ,
PMC8309895, ,
PMC6077779, ,
PMC9024789, ,
PMC7129373, ,
PMC4151687, ,
PMC6133141, ,
PMC5839249, ,
PMC2767792, ,
PMC5155369, ,
PMC6611651, ,
PMC8466165, ,
PMC5359887, ,
PMC8448332, ,
PMC6918205, ,
PMC3364547, ,
PMC8871924, ,
PMC6021187, ,
PMC8878490, ,
PMC6348690, ,
PMC5039461, ,
PMC6036711, ,
PMC3258685,"Material and methodsForty-five females and 5 males with SSc (41 lSSc, 9 dSSc) were recruited from the Department of Dermatology and Venereology, Medical University of Lodz.",
PMC6159896, ,
PMC7366012, ,
PMC3269749, ,
PMC4973250, ,
PMC9317127, ,
PMC4532998, ,
PMC8276452, ,
PMC3848647,"Study designThe VDOP trial is a single centre parallel group, randomised, double blind interventional trial testing the effects of three dosages of oral vitamin D3given each month to men and women 70 years old and older for a year.",
PMC2745356, ,
PMC8743511, ,
PMC3832611, ,
PMC6308770, ,
PMC9006365, ,
PMC9114514, ,
PMC6066862, ,
PMC7248475, ,
PMC7585374, ,
PMC7353767, ,
PMC7804299, ,
PMC5341262, ,
PMC8374143, ,
PMC5602009, ,
PMC7996602, ,
PMC7862057, ,
PMC7926954, ,
PMC5325358, ,
PMC5953981, ,
PMC6683801, ,
PMC6727394, ,
PMC6380193, ,
PMC9039938, ,
PMC3937025, ,
PMC9442535, ,
PMC7064090, ,
PMC7473990, ,
PMC9499637, ,
PMC2734058, ,
PMC7953467,Three specimens were female and 2 were male.,
PMC8306043, ,
PMC9231722, ,
PMC7314859, ,
PMC5568371, ,
PMC8149451, ,
PMC8915554, ,
PMC8872462, ,
PMC6211488, ,
PMC6332740, ,
PMC5343885, ,
PMC6471829, ,
PMC8620378, ,
PMC6193119, ,
PMC8250424, ,
PMC4975388, ,
PMC3680020, ,
PMC8847142, ,
PMC4664004, ,
PMC9604959, ,
PMC4865187, ,
PMC4378870, ,
PMC7901219, ,
PMC5615796, ,
PMC8931340, ,
PMC7107775, ,
PMC9528729, ,
PMC3680168, ,
PMC4092220, ,
PMC4842915, ,
PMC5109738, ,
PMC6345498, ,
PMC3101591, ,
PMC2607263, ,
PMC7480490, ,
